Name,Runtime,analysis,config,data.group1,data.group2,Group A/acc@1,Group A/acc@5,Group A/acc@N,time/propose_rank_minutes,time/propose_rank_seconds
CCDiff-MetaShift,51,,configs/sweep_metashift_purity1.0_seed0/0.yaml,rice(plate),rice(food),0.5,0.5,0.5,0.8497365117073059,50.984190702438354
CCDiff-MetaShift,50,,configs/sweep_metashift_purity1.0_seed0/1.yaml,banana(bowl),banana(man),0.5,0.5,0.5,0.8210274656613668,49.26164793968201
CCDiff-MetaShift,50,,configs/sweep_metashift_purity1.0_seed0/2.yaml,banana(orange),banana(apple),0.5,0.5,0.5,0.834510886669159,50.070653200149536
CCDiff-MetaShift,5,,configs/sweep_metashift_purity1.0_seed0/3.yaml,banana(bowl),banana(apple),0.5,0.5,0.5,0.06149226029713949,3.689535617828369
CCDiff-MetaShift,12,,configs/sweep_metashift_purity1.0_seed0/4.yaml,banana(bowl),banana(table),0.5,0.5,0.5,0.18089667161305745,10.853800296783447
CCDiff-MetaShift,44,,configs/sweep_metashift_purity1.0_seed0/5.yaml,banana(fruit),banana(apple),0.0,0.5,0.5,0.7095538139343261,42.57322883605957
CCDiff-MetaShift,53,,configs/sweep_metashift_purity1.0_seed0/6.yaml,meat(plate),meat(sandwich),0.5,0.5,0.5,0.8667810002962748,52.00686001777649
CCDiff-MetaShift,12,,configs/sweep_metashift_purity1.0_seed0/7.yaml,meat(plate),meat(cheese),0.5,0.5,0.5,0.17633889516194662,10.580333709716797
CCDiff-MetaShift,50,,configs/sweep_metashift_purity1.0_seed0/8.yaml,meat(vegetables),meat(lettuce),0.5,0.5,0.5,0.8226496537526449,49.35897922515869
CCDiff-MetaShift,51,,configs/sweep_metashift_purity1.0_seed0/9.yaml,meat(bowl),meat(napkin),0.0,0.5,0.5,0.8332241257031758,49.99344754219055
CCDiff-MetaShift,44,,configs/sweep_metashift_purity1.0_seed0/10.yaml,meat(lettuce),meat(broccoli),0.0,0.0,0.0,0.719621499379476,43.177289962768555
CCDiff-MetaShift,55,,configs/sweep_metashift_purity1.0_seed0/11.yaml,spoon(fork),spoon(chair),0.0,0.0,0.0,0.8839806477228801,53.0388388633728
CCDiff-MetaShift,55,,configs/sweep_metashift_purity1.0_seed0/12.yaml,spoon(bowl),spoon(man),0.0,0.5,0.5,0.8916075229644775,53.49645137786865
CCDiff-MetaShift,4,,configs/sweep_metashift_purity1.0_seed0/13.yaml,spoon(bowl),spoon(fork),0.0,0.5,0.5,0.06023592154184977,3.6141552925109863
CCDiff-MetaShift,12,,configs/sweep_metashift_purity1.0_seed0/14.yaml,spoon(bowl),spoon(bottle),0.0,0.5,0.5,0.1889394680658976,11.336368083953856
CCDiff-MetaShift,46,,configs/sweep_metashift_purity1.0_seed0/15.yaml,spoon(plate),spoon(man),0.5,0.5,0.5,0.7473110675811767,44.838664054870605
CCDiff-MetaShift,54,,configs/sweep_metashift_purity1.0_seed0/16.yaml,tablecloth(plate),tablecloth(chair),0.5,0.5,0.5,0.8710631211598714,52.263787269592285
CCDiff-MetaShift,53,,configs/sweep_metashift_purity1.0_seed0/17.yaml,tablecloth(table),tablecloth(man),0.0,0.5,0.5,0.8616147994995117,51.6968879699707
CCDiff-MetaShift,8,,configs/sweep_metashift_purity1.0_seed0/18.yaml,tablecloth(plate),tablecloth(table),0.5,0.5,0.5,0.09798194567362468,5.8789167404174805
CCDiff-MetaShift,4,,configs/sweep_metashift_purity1.0_seed0/19.yaml,tablecloth(plate),tablecloth(man),0.5,0.5,0.5,0.058727359771728514,3.523641586303711
CCDiff-MetaShift,3,,configs/sweep_metashift_purity1.0_seed0/20.yaml,tablecloth(table),tablecloth(chair),0.0,0.0,0.0,0.06032485564549764,3.6194913387298584
CCDiff-MetaShift,54,,configs/sweep_metashift_purity1.0_seed0/21.yaml,bowl(chair),bowl(glasses),0.0,0.0,0.0,0.8927781820297241,53.56669092178345
CCDiff-MetaShift,53,,configs/sweep_metashift_purity1.0_seed0/22.yaml,bowl(cup),bowl(table),0.5,0.5,0.5,0.8745304147402445,52.47182488441467
CCDiff-MetaShift,52,,configs/sweep_metashift_purity1.0_seed0/23.yaml,bowl(cheese),bowl(pizza),0.5,0.5,0.5,0.8498187065124512,50.98912239074707
CCDiff-MetaShift,55,,configs/sweep_metashift_purity1.0_seed0/24.yaml,bowl(napkin),bowl(knife),0.0,0.0,0.0,0.8893099347750346,53.358596086502075
CCDiff-MetaShift,44,,configs/sweep_metashift_purity1.0_seed0/25.yaml,bowl(banana),bowl(napkin),0.5,0.5,0.5,0.7112509091695149,42.6750545501709
CCDiff-MetaShift,52,,configs/sweep_metashift_purity1.0_seed0/26.yaml,dish(food),dish(table),0.5,1.0,1.0,0.8314293344815572,49.88576006889343
CCDiff-MetaShift,46,,configs/sweep_metashift_purity1.0_seed0/27.yaml,dish(table),dish(fork),1.0,1.0,1.0,0.7544756293296814,45.26853775978088
CCDiff-MetaShift,47,,configs/sweep_metashift_purity1.0_seed0/28.yaml,dish(spoon),dish(food),0.0,0.5,0.5,0.7495303511619568,44.97182106971741
CCDiff-MetaShift,45,,configs/sweep_metashift_purity1.0_seed0/29.yaml,dish(plate),dish(fork),1.0,1.0,1.0,0.7195137937863668,43.17082762718201
CCDiff-MetaShift,44,,configs/sweep_metashift_purity1.0_seed0/30.yaml,dish(bowl),dish(food),0.0,0.0,0.0,0.738226838906606,44.29361033439636
CCDiff-MetaShift,52,,configs/sweep_metashift_purity1.0_seed0/31.yaml,plate(bread),plate(carrot),0.5,0.5,0.5,0.8390748103459676,50.34448862075806
CCDiff-MetaShift,55,,configs/sweep_metashift_purity1.0_seed0/32.yaml,plate(coffee),plate(girl),0.5,0.5,0.5,0.8996673107147217,53.9800386428833
CCDiff-MetaShift,54,,configs/sweep_metashift_purity1.0_seed0/33.yaml,plate(saucer),plate(vase),0.0,0.0,0.0,0.8966009934743245,53.79605960845947
CCDiff-MetaShift,52,,configs/sweep_metashift_purity1.0_seed0/34.yaml,plate(cheese),plate(boy),0.5,0.5,0.5,0.8388019919395446,50.32811951637268
CCDiff-MetaShift,12,,configs/sweep_metashift_purity1.0_seed0/35.yaml,plate(bread),plate(napkin),0.5,1.0,1.0,0.19901467561721803,11.94088053703308
CCDiff-MetaShift,50,,configs/sweep_metashift_purity1.0_seed0/36.yaml,ground(snow),ground(dirt),0.5,1.0,1.0,0.8011399706204733,48.068398237228394
CCDiff-MetaShift,14,,configs/sweep_metashift_purity1.0_seed0/37.yaml,ground(snow),ground(helmet),0.5,1.0,1.0,0.19546424945195515,11.72785496711731
CCDiff-MetaShift,49,,configs/sweep_metashift_purity1.0_seed0/38.yaml,ground(airplane),ground(rocks),1.0,1.0,1.0,0.7898831407229105,47.392988443374634
CCDiff-MetaShift,13,,configs/sweep_metashift_purity1.0_seed0/39.yaml,ground(snow),ground(bus),0.5,0.5,0.5,0.18564471403757732,11.13868284225464
CCDiff-MetaShift,44,,configs/sweep_metashift_purity1.0_seed0/40.yaml,ground(car),ground(bus),0.5,1.0,1.0,0.6903714179992676,41.422285079956055
CCDiff-MetaShift,50,,configs/sweep_metashift_purity1.0_seed0/41.yaml,bushes(woman),bushes(house),0.0,0.0,0.0,0.83009459177653,49.8056755065918
CCDiff-MetaShift,51,,configs/sweep_metashift_purity1.0_seed0/42.yaml,bushes(trees),bushes(sign),0.0,0.0,0.0,0.8331231832504272,49.987390995025635
CCDiff-MetaShift,54,,configs/sweep_metashift_purity1.0_seed0/43.yaml,bushes(man),bushes(bench),0.5,0.5,0.5,0.8726919849713644,52.36151909828186
CCDiff-MetaShift,54,,configs/sweep_metashift_purity1.0_seed0/44.yaml,bushes(tree),bushes(car),0.0,0.0,0.0,0.8658287247021993,51.94972348213196
CCDiff-MetaShift,61,,configs/sweep_metashift_purity1.0_seed0/45.yaml,bushes(giraffe),bushes(wall),0.5,0.5,0.5,0.9971109549204508,59.82665729522705
CCDiff-MetaShift,58,,configs/sweep_metashift_purity1.0_seed0/46.yaml,road(dog),road(girl),0.5,1.0,1.0,0.9522736430168152,57.13641858100891
CCDiff-MetaShift,56,,configs/sweep_metashift_purity1.0_seed0/47.yaml,road(car),road(truck),0.0,0.0,0.0,0.916443121433258,54.98658728599548
CCDiff-MetaShift,56,,configs/sweep_metashift_purity1.0_seed0/48.yaml,road(bike),road(skateboard),1.0,1.0,1.0,0.9190202991167704,55.141217947006226
CCDiff-MetaShift,60,,configs/sweep_metashift_purity1.0_seed0/49.yaml,road(bicycle),road(lamp),0.0,1.0,1.0,0.9731828490893046,58.39097094535827
CCDiff-MetaShift,61,,configs/sweep_metashift_purity1.0_seed0/50.yaml,road(box),road(taxi),0.5,0.5,0.5,0.9808931152025858,58.85358691215515
CCDiff-MetaShift,59,,configs/sweep_metashift_purity1.0_seed0/51.yaml,leaves(branch),leaves(table),0.5,0.5,0.5,0.9547847429911296,57.28708457946777
CCDiff-MetaShift,14,,configs/sweep_metashift_purity1.0_seed0/52.yaml,leaves(branch),leaves(bench),0.5,0.5,0.5,0.2117532014846802,12.70519208908081
CCDiff-MetaShift,62,,configs/sweep_metashift_purity1.0_seed0/53.yaml,leaves(trees),leaves(bear),0.0,0.0,0.0,1.017324157555898,61.03944945335388
CCDiff-MetaShift,50,,configs/sweep_metashift_purity1.0_seed0/54.yaml,leaves(water),leaves(bench),0.0,0.0,0.0,0.7978654384613038,47.87192630767822
CCDiff-MetaShift,49,,configs/sweep_metashift_purity1.0_seed0/55.yaml,leaves(tree),leaves(water),0.0,0.0,0.0,0.7897827823956808,47.386966943740845
CCDiff-MetaShift,52,,configs/sweep_metashift_purity1.0_seed0/56.yaml,ski(man),ski(people),0.5,1.0,1.0,0.8187895059585572,49.12737035751343
CCDiff-MetaShift,41,,configs/sweep_metashift_purity1.0_seed0/57.yaml,ski(snow),ski(man),0.5,0.5,0.5,0.6742553989092509,40.455323934555054
CCDiff-MetaShift,12,,configs/sweep_metashift_purity1.0_seed0/58.yaml,ski(snow),ski(person),0.5,0.5,0.5,0.18921638329823812,11.352982997894289
CCDiff-MetaShift,12,,configs/sweep_metashift_purity1.0_seed0/59.yaml,ski(man),ski(helmet),0.5,1.0,1.0,0.1944180130958557,11.665080785751345
CCDiff-MetaShift,4,,configs/sweep_metashift_purity1.0_seed0/60.yaml,ski(snow),ski(helmet),0.5,1.0,1.0,0.05889616012573242,3.5337696075439453
CCDiff-MetaShift,55,,configs/sweep_metashift_purity1.0_seed0/61.yaml,boy(building),boy(house),0.0,0.0,0.0,0.887891153494517,53.27346920967102
CCDiff-MetaShift,55,,configs/sweep_metashift_purity1.0_seed0/62.yaml,boy(watch),boy(door),0.0,0.0,0.0,0.916906770070394,55.01440620422363
CCDiff-MetaShift,54,,configs/sweep_metashift_purity1.0_seed0/63.yaml,boy(boy),boy(sweater),0.5,0.5,0.5,0.8775232632954916,52.65139579772949
CCDiff-MetaShift,53,,configs/sweep_metashift_purity1.0_seed0/64.yaml,boy(socks),boy(bottle),0.0,0.0,0.0,0.8665902217229208,51.99541330337525
CCDiff-MetaShift,53,,configs/sweep_metashift_purity1.0_seed0/65.yaml,boy(person),boy(window),0.0,1.0,1.0,0.8771612485249837,52.62967491149902
CCDiff-MetaShift,52,,configs/sweep_metashift_purity1.0_seed0/66.yaml,snow(leaves),snow(snowboarder),0.0,0.0,0.0,0.8382320841153462,50.293925046920776
CCDiff-MetaShift,53,,configs/sweep_metashift_purity1.0_seed0/67.yaml,snow(building),snow(roof),0.0,0.0,0.0,0.8603184779485067,51.6191086769104
CCDiff-MetaShift,51,,configs/sweep_metashift_purity1.0_seed0/68.yaml,snow(sky),snow(skier),0.0,0.5,0.5,0.8384828567504883,50.3089714050293
CCDiff-MetaShift,52,,configs/sweep_metashift_purity1.0_seed0/69.yaml,snow(car),snow(girl),0.0,0.0,0.0,0.8676917791366577,52.06150674819946
CCDiff-MetaShift,43,,configs/sweep_metashift_purity1.0_seed0/70.yaml,snow(man),snow(girl),0.5,1.0,1.0,0.7021072705586752,42.12643623352051
CCDiff-MetaShift,53,,configs/sweep_metashift_purity1.0_seed0/71.yaml,pole(bird),pole(fire hydrant),0.5,1.0,1.0,0.8814664562543233,52.8879873752594
CCDiff-MetaShift,53,,configs/sweep_metashift_purity1.0_seed0/72.yaml,pole(truck),pole(camera),1.0,1.0,1.0,0.8734693169593811,52.408159017562866
CCDiff-MetaShift,47,,configs/sweep_metashift_purity1.0_seed0/73.yaml,pole(bicycle),pole(truck),0.5,0.5,0.5,0.7730006138483684,46.3800368309021
CCDiff-MetaShift,52,,configs/sweep_metashift_purity1.0_seed0/74.yaml,pole(building),pole(horse),0.5,0.5,0.5,0.8416065533955892,50.49639320373535
CCDiff-MetaShift,12,,configs/sweep_metashift_purity1.0_seed0/75.yaml,pole(truck),pole(lady),0.0,0.0,0.0,0.1844821810722351,11.068930864334106
CCDiff-MetaShift,54,,configs/sweep_metashift_purity1.0_seed0/76.yaml,tree(bag),tree(traffic light),0.0,0.0,0.0,0.8940123359362284,53.640740156173706
CCDiff-MetaShift,56,,configs/sweep_metashift_purity1.0_seed0/77.yaml,tree(stop sign),tree(bus),1.0,1.0,1.0,0.9071298678716024,54.42779207229614
CCDiff-MetaShift,55,,configs/sweep_metashift_purity1.0_seed0/78.yaml,tree(man),tree(person),0.0,0.0,0.0,0.8864963054656982,53.189778327941895
CCDiff-MetaShift,54,,configs/sweep_metashift_purity1.0_seed0/79.yaml,tree(window),tree(bench),0.0,0.0,0.0,0.8807123740514119,52.84274244308472
CCDiff-MetaShift,48,,configs/sweep_metashift_purity1.0_seed0/80.yaml,tree(fire hydrant),tree(bus),0.5,1.0,1.0,0.7824004451433818,46.944026708602905
CCDiff-MetaShift,52,,configs/sweep_metashift_purity1.0_seed0/81.yaml,dirt(home plate),dirt(horse),0.5,1.0,1.0,0.8721014181772868,52.32608509063721
CCDiff-MetaShift,55,,configs/sweep_metashift_purity1.0_seed0/82.yaml,dirt(grass),dirt(giraffe),0.0,0.0,0.0,0.8945070068041484,53.6704204082489
CCDiff-MetaShift,48,,configs/sweep_metashift_purity1.0_seed0/83.yaml,dirt(animal),dirt(giraffe),0.0,0.5,0.5,0.7806726177533467,46.840357065200806
CCDiff-MetaShift,4,,configs/sweep_metashift_purity1.0_seed0/84.yaml,dirt(home plate),dirt(giraffe),0.5,0.5,0.5,0.055232290426890054,3.3139374256134033
CCDiff-MetaShift,47,,configs/sweep_metashift_purity1.0_seed0/85.yaml,dirt(tree),dirt(giraffe),0.0,0.0,0.0,0.7645797808965047,45.87478685379028
CCDiff-MetaShift,55,,configs/sweep_metashift_purity1.0_seed0/86.yaml,men(shirt),men(people),0.5,0.5,0.5,0.8791221261024476,52.74732756614685
CCDiff-MetaShift,52,,configs/sweep_metashift_purity1.0_seed0/87.yaml,men(jacket),men(pants),0.0,0.0,0.0,0.8599807421366373,51.59884452819824
CCDiff-MetaShift,45,,configs/sweep_metashift_purity1.0_seed0/88.yaml,men(woman),men(shirt),0.0,0.0,0.0,0.7482900182406108,44.897401094436646
CCDiff-MetaShift,45,,configs/sweep_metashift_purity1.0_seed0/89.yaml,men(helmet),men(pants),0.5,1.0,1.0,0.7379737774531047,44.27842664718628
CCDiff-MetaShift,5,,configs/sweep_metashift_purity1.0_seed0/90.yaml,men(shirt),men(jacket),0.0,0.0,0.0,0.06213093598683675,3.727856159210205
CCDiff-MetaShift,54,,configs/sweep_metashift_purity1.0_seed0/91.yaml,bag(phone),bag(umbrella),0.5,0.5,0.5,0.8847223401069642,53.08334040641785
CCDiff-MetaShift,52,,configs/sweep_metashift_purity1.0_seed0/92.yaml,bag(ground),bag(seat),0.0,0.0,0.0,0.8607537110646566,51.645222663879395
CCDiff-MetaShift,52,,configs/sweep_metashift_purity1.0_seed0/93.yaml,bag(motorcycle),bag(laptop),1.0,1.0,1.0,0.8512910525004069,51.077463150024414
CCDiff-MetaShift,54,,configs/sweep_metashift_purity1.0_seed0/94.yaml,bag(desk),bag(clock),1.0,1.0,1.0,0.8830830772717794,52.98498463630676
CCDiff-MetaShift,55,,configs/sweep_metashift_purity1.0_seed0/95.yaml,bag(wall),bag(bowl),0.0,0.0,0.0,0.8720372915267944,52.322237491607666
CCDiff-MetaShift,54,,configs/sweep_metashift_purity1.0_seed0/96.yaml,helmet(woman),helmet(snowboard),0.0,0.0,0.0,0.863896123568217,51.83376741409302
CCDiff-MetaShift,53,,configs/sweep_metashift_purity1.0_seed0/97.yaml,helmet(people),helmet(ball),0.0,0.5,0.5,0.8707134207089742,52.24280524253845
CCDiff-MetaShift,45,,configs/sweep_metashift_purity1.0_seed0/98.yaml,helmet(bike),helmet(ball),0.5,0.5,0.5,0.7412615219751993,44.47569131851196
CCDiff-MetaShift,4,,configs/sweep_metashift_purity1.0_seed0/99.yaml,helmet(woman),helmet(ball),0.0,0.0,0.0,0.06314310630162558,3.788586378097534
CCDiff-MetaShift,52,,configs/sweep_metashift_purity1.0_seed0/100.yaml,helmet(men),helmet(bench),0.0,0.5,0.5,0.8539113839467366,51.2346830368042
CCDiff-MetaShift,49,,configs/sweep_metashift_purity1.0_seed0/101.yaml,grass(airplane),grass(zebras),0.5,1.0,1.0,0.8077868739763896,48.467212438583374
CCDiff-MetaShift,52,,configs/sweep_metashift_purity1.0_seed0/102.yaml,grass(elephant),grass(sign),1.0,1.0,1.0,0.8407728830973308,50.44637298583984
CCDiff-MetaShift,54,,configs/sweep_metashift_purity1.0_seed0/103.yaml,grass(bird),grass(woman),0.5,1.0,1.0,0.8892895102500915,53.35737061500549
CCDiff-MetaShift,54,,configs/sweep_metashift_purity1.0_seed0/104.yaml,grass(trees),grass(fence),0.0,0.0,0.0,0.8794403314590454,52.766419887542725
CCDiff-MetaShift,53,,configs/sweep_metashift_purity1.0_seed0/105.yaml,grass(men),grass(people),0.5,1.0,1.0,0.8704293131828308,52.22575879096985
CCDiff-MetaShift,54,,configs/sweep_metashift_purity1.0_seed0/106.yaml,bike(tree),bike(wall),0.0,0.0,0.0,0.8793957670529683,52.7637460231781
CCDiff-MetaShift,54,,configs/sweep_metashift_purity1.0_seed0/107.yaml,bike(sign),bike(basket),0.5,0.5,0.5,0.8772453387578328,52.63472032546997
CCDiff-MetaShift,54,,configs/sweep_metashift_purity1.0_seed0/108.yaml,bike(mirror),bike(woman),1.0,1.0,1.0,0.8760537107785543,52.56322264671326
CCDiff-MetaShift,47,,configs/sweep_metashift_purity1.0_seed0/109.yaml,bike(ground),bike(basket),0.0,0.0,0.0,0.7573849717775981,45.44309830665589
CCDiff-MetaShift,64,,configs/sweep_metashift_purity1.0_seed0/110.yaml,bike(basket),bike(fence),0.0,1.0,1.0,1.0580818931261695,63.48491358757019
CCDiff-MetaShift,86,,configs/sweep_metashift_purity1.0_seed0/111.yaml,water(bowl),water(boat),0.0,0.0,0.0,1.40495662689209,84.29739761352539
CCDiff-MetaShift,58,,configs/sweep_metashift_purity1.0_seed0/112.yaml,water(wall),water(house),0.0,0.0,0.0,0.9619472185770672,57.71683311462402
CCDiff-MetaShift,60,,configs/sweep_metashift_purity1.0_seed0/113.yaml,water(tower),water(birds),0.0,0.5,0.5,0.9826975742975872,58.961854457855225
CCDiff-MetaShift,50,,configs/sweep_metashift_purity1.0_seed0/114.yaml,water(birds),water(child),1.0,1.0,1.0,0.8032968759536743,48.19781255722046
CCDiff-MetaShift,56,,configs/sweep_metashift_purity1.0_seed0/115.yaml,water(person),water(paddle),0.5,0.5,0.5,0.922134761015574,55.32808566093445
CCDiff-MetaShift,57,,configs/sweep_metashift_purity1.0_seed0/116.yaml,man(bicycle),man(fruit),1.0,1.0,1.0,0.9504417260487874,57.026503562927246
CCDiff-MetaShift,59,,configs/sweep_metashift_purity1.0_seed0/117.yaml,man(keyboard),man(paddle),1.0,1.0,1.0,0.949549929300944,56.97299575805664
CCDiff-MetaShift,58,,configs/sweep_metashift_purity1.0_seed0/118.yaml,man(ground),man(umpire),0.0,0.5,0.5,0.944800360997518,56.688021659851074
CCDiff-MetaShift,15,,configs/sweep_metashift_purity1.0_seed0/119.yaml,man(keyboard),man(glove),1.0,1.0,1.0,0.23736899296442668,14.2421395778656
CCDiff-MetaShift,85,,configs/sweep_metashift_purity1.0_seed0/120.yaml,man(collar),man(clock),0.5,0.5,0.5,1.389190634091695,83.35143804550171
CCDiff-MetaShift,88,,configs/sweep_metashift_purity1.0_seed0/121.yaml,food(dish),food(lettuce),0.5,0.5,0.5,1.453875402609507,87.23252415657043
CCDiff-MetaShift,93,,configs/sweep_metashift_purity1.0_seed0/122.yaml,food(tray),food(box),1.0,1.0,1.0,1.5238806883494058,91.43284130096436
CCDiff-MetaShift,118,,configs/sweep_metashift_purity1.0_seed0/123.yaml,food(bottle),food(table),0.0,0.0,0.0,1.9682897369066872,118.09738421440125
CCDiff-MetaShift,92,,configs/sweep_metashift_purity1.0_seed0/124.yaml,food(pizza),food(cup),1.0,1.0,1.0,1.5264604330062863,91.5876259803772
CCDiff-MetaShift,93,,configs/sweep_metashift_purity1.0_seed0/125.yaml,food(fork),food(onion),0.5,0.5,0.5,1.5296014070510864,91.7760844230652
CCDiff-MetaShift,78,,configs/sweep_metashift_purity1.0_seed0/126.yaml,cake(candle),cake(icing),0.5,1.0,1.0,1.2709505200386046,76.25703120231628
CCDiff-MetaShift,67,,configs/sweep_metashift_purity1.0_seed0/127.yaml,cake(man),cake(plate),0.5,1.0,1.0,1.0973090767860412,65.83854460716248
CCDiff-MetaShift,52,,configs/sweep_metashift_purity1.0_seed0/128.yaml,cake(glasses),cake(candle),0.0,0.0,0.0,0.8444752375284831,50.668514251708984
CCDiff-MetaShift,77,,configs/sweep_metashift_purity1.0_seed0/129.yaml,cake(table),cake(fork),0.0,0.0,0.0,1.2858897686004638,77.15338611602783
CCDiff-MetaShift,54,,configs/sweep_metashift_purity1.0_seed0/130.yaml,cake(woman),cake(plate),0.5,0.5,0.5,0.8779080231984456,52.67448139190674
CCDiff-MetaShift,63,,configs/sweep_metashift_purity1.0_seed0/131.yaml,faucet(cabinets),faucet(stove),0.5,0.5,0.5,1.0214439551035563,61.28663730621338
CCDiff-MetaShift,19,,configs/sweep_metashift_purity1.0_seed0/132.yaml,faucet(cabinets),faucet(curtain),0.5,0.5,0.5,0.2932987372080485,17.59792423248291
CCDiff-MetaShift,76,,configs/sweep_metashift_purity1.0_seed0/133.yaml,faucet(bowl),faucet(towel),0.5,0.5,0.5,1.251092501481374,75.06555008888245
CCDiff-MetaShift,71,,configs/sweep_metashift_purity1.0_seed0/134.yaml,faucet(cabinet),faucet(bottle),0.0,0.0,0.0,1.1736437559127808,70.41862535476685
CCDiff-MetaShift,5,,configs/sweep_metashift_purity1.0_seed0/135.yaml,faucet(bowl),faucet(bottle),0.0,0.0,0.0,0.06554406483968099,3.9326438903808594
CCDiff-MetaShift,57,,configs/sweep_metashift_purity1.0_seed0/136.yaml,window(car),window(cabinets),0.0,0.0,0.0,0.9364784042040508,56.18870425224304
CCDiff-MetaShift,59,,configs/sweep_metashift_purity1.0_seed0/137.yaml,window(woman),window(lamp),0.0,0.0,0.0,0.9553117791811624,57.31870675086975
CCDiff-MetaShift,14,,configs/sweep_metashift_purity1.0_seed0/138.yaml,window(car),window(bottle),0.0,0.0,0.0,0.23353746732076008,14.012248039245604
CCDiff-MetaShift,58,,configs/sweep_metashift_purity1.0_seed0/139.yaml,window(curtain),window(television),0.0,0.0,0.0,0.9360378980636596,56.16227388381958
CCDiff-MetaShift,54,,configs/sweep_metashift_purity1.0_seed0/140.yaml,window(statue),window(blinds),0.0,0.0,0.0,0.880956761042277,52.85740566253662
CCDiff-MetaShift,56,,configs/sweep_metashift_purity1.0_seed0/141.yaml,sofa(wall),sofa(chair),0.0,0.0,0.0,0.9138776779174804,54.83266067504883
CCDiff-MetaShift,46,,configs/sweep_metashift_purity1.0_seed0/142.yaml,sofa(lamp),sofa(chair),0.5,0.5,0.5,0.7494730710983276,44.96838426589966
CCDiff-MetaShift,46,,configs/sweep_metashift_purity1.0_seed0/143.yaml,sofa(window),sofa(lamp),0.5,0.5,0.5,0.7545126716295878,45.27076029777527
CCDiff-MetaShift,53,,configs/sweep_metashift_purity1.0_seed0/144.yaml,sofa(pillow),sofa(table),0.5,0.5,0.5,0.8764852960904439,52.58911776542664
CCDiff-MetaShift,4,,configs/sweep_metashift_purity1.0_seed0/145.yaml,sofa(lamp),sofa(table),0.0,0.5,0.5,0.06631779670715332,3.979067802429199
CCDiff-MetaShift,50,,configs/sweep_metashift_purity1.0_seed0/146.yaml,counter(tray),counter(coffee maker),1.0,1.0,1.0,0.8331962347030639,49.99177408218384
CCDiff-MetaShift,52,,configs/sweep_metashift_purity1.0_seed0/147.yaml,counter(vase),counter(stove),0.0,0.5,0.5,0.8297352870305379,49.784117221832275
CCDiff-MetaShift,50,,configs/sweep_metashift_purity1.0_seed0/148.yaml,counter(plate),counter(knife),0.0,0.5,0.5,0.8244517803192138,49.46710681915283
CCDiff-MetaShift,50,,configs/sweep_metashift_purity1.0_seed0/149.yaml,counter(sink),counter(dishwasher),0.5,0.5,0.5,0.8144289493560791,48.865736961364746
CCDiff-MetaShift,50,,configs/sweep_metashift_purity1.0_seed0/150.yaml,counter(drawer),counter(cabinets),0.0,0.0,0.0,0.8195584297180176,49.173505783081055
CCDiff-MetaShift,51,,configs/sweep_metashift_purity1.0_seed0/151.yaml,cabinet(drawer),cabinet(dishwasher),0.0,0.0,0.0,0.8294745326042176,49.76847195625305
CCDiff-MetaShift,53,,configs/sweep_metashift_purity1.0_seed0/152.yaml,cabinet(woman),cabinet(lamp),0.0,1.0,1.0,0.8464268485705058,50.78561091423035
CCDiff-MetaShift,51,,configs/sweep_metashift_purity1.0_seed0/153.yaml,cabinet(bowl),cabinet(pot),0.0,0.0,0.0,0.8424606919288635,50.54764151573181
CCDiff-MetaShift,42,,configs/sweep_metashift_purity1.0_seed0/154.yaml,cabinet(mirror),cabinet(drawer),0.0,0.5,0.5,0.688086211681366,41.28517270088196
CCDiff-MetaShift,50,,configs/sweep_metashift_purity1.0_seed0/155.yaml,cabinet(oven),cabinet(curtain),0.5,1.0,1.0,0.8157235026359558,48.94341015815735
CCDiff-MetaShift,52,,configs/sweep_metashift_purity1.0_seed0/156.yaml,wall(laptop),wall(house),0.5,0.5,0.5,0.8659419377644857,51.95651626586914
CCDiff-MetaShift,56,,configs/sweep_metashift_purity1.0_seed0/157.yaml,wall(speaker),wall(bike),0.0,0.0,0.0,0.8975444038709005,53.85266423225403
CCDiff-MetaShift,53,,configs/sweep_metashift_purity1.0_seed0/158.yaml,wall(trees),wall(teddy bear),0.0,0.0,0.0,0.86310742298762,51.7864453792572
CCDiff-MetaShift,55,,configs/sweep_metashift_purity1.0_seed0/159.yaml,wall(picture),wall(bird),0.0,0.0,0.0,0.8927643140157063,53.56585884094238
CCDiff-MetaShift,14,,configs/sweep_metashift_purity1.0_seed0/160.yaml,wall(laptop),wall(tree),0.5,1.0,1.0,0.21958002249399824,13.174801349639893
CCDiff-MetaShift,52,,configs/sweep_metashift_purity1.0_seed0/161.yaml,sky(trees),sky(sheep),0.0,0.0,0.0,0.8470137556393941,50.82082533836365
CCDiff-MetaShift,52,,configs/sweep_metashift_purity1.0_seed0/162.yaml,sky(tower),sky(umbrella),0.5,1.0,1.0,0.8446240663528443,50.677443981170654
CCDiff-MetaShift,45,,configs/sweep_metashift_purity1.0_seed0/163.yaml,sky(pole),sky(umbrella),0.0,0.0,0.0,0.7132351160049438,42.79410696029663
CCDiff-MetaShift,50,,configs/sweep_metashift_purity1.0_seed0/164.yaml,sky(airplane),sky(mountains),1.0,1.0,1.0,0.8113025983174642,48.67815589904785
CCDiff-MetaShift,54,,configs/sweep_metashift_purity1.0_seed0/165.yaml,sky(car),sky(ground),0.0,0.0,0.0,0.8678220311800638,52.06932187080383
CCDiff-MetaShift,54,,configs/sweep_metashift_purity1.0_seed0/166.yaml,bicycle(sign),bicycle(bus),0.0,0.0,0.0,0.8688466827074687,52.13080096244812
CCDiff-MetaShift,45,,configs/sweep_metashift_purity1.0_seed0/167.yaml,bicycle(bus),bicycle(people),0.5,1.0,1.0,0.7323437650998433,43.9406259059906
CCDiff-MetaShift,55,,configs/sweep_metashift_purity1.0_seed0/168.yaml,bicycle(pole),bicycle(wall),0.5,0.5,0.5,0.894924251238505,53.6954550743103
CCDiff-MetaShift,6,,configs/sweep_metashift_purity1.0_seed0/169.yaml,bicycle(bus),bicycle(wall),0.5,1.0,1.0,0.06339432795842488,3.803659677505493
CCDiff-MetaShift,55,,configs/sweep_metashift_purity1.0_seed0/170.yaml,bicycle(fence),bicycle(person),0.5,0.5,0.5,0.866774074236552,52.006444454193115
CCDiff-MetaShift,52,,configs/sweep_metashift_purity1.0_seed0/171.yaml,fence(rope),fence(cone),0.0,0.0,0.0,0.8677788615226746,52.066731691360474
CCDiff-MetaShift,56,,configs/sweep_metashift_purity1.0_seed0/172.yaml,fence(racket),fence(wall),1.0,1.0,1.0,0.9004151741663615,54.02491044998169
CCDiff-MetaShift,53,,configs/sweep_metashift_purity1.0_seed0/173.yaml,fence(skateboard),fence(vehicle),0.5,0.5,0.5,0.8586282094319662,51.51769256591797
CCDiff-MetaShift,44,,configs/sweep_metashift_purity1.0_seed0/174.yaml,fence(wall),fence(guy),0.0,0.5,0.5,0.7267729004224142,43.60637402534485
CCDiff-MetaShift,45,,configs/sweep_metashift_purity1.0_seed0/175.yaml,fence(lady),fence(rope),0.0,0.0,0.0,0.7390168825785319,44.341012954711914
CCDiff-MetaShift,56,,configs/sweep_metashift_purity1.0_seed0/176.yaml,rocks(fence),rocks(giraffe),0.0,0.0,0.0,0.8962822914123535,53.77693748474121
CCDiff-MetaShift,12,,configs/sweep_metashift_purity1.0_seed0/177.yaml,rocks(fence),rocks(elephant),0.0,0.0,0.0,0.19648195505142213,11.788917303085327
CCDiff-MetaShift,52,,configs/sweep_metashift_purity1.0_seed0/178.yaml,rocks(ground),rocks(zebra),0.0,0.0,0.0,0.851597793896993,51.09586763381958
CCDiff-MetaShift,44,,configs/sweep_metashift_purity1.0_seed0/179.yaml,rocks(man),rocks(giraffe),0.0,0.0,0.0,0.7214631001154582,43.28778600692749
CCDiff-MetaShift,5,,configs/sweep_metashift_purity1.0_seed0/180.yaml,rocks(fence),rocks(zebra),0.0,0.0,0.0,0.06164868672688802,3.6989212036132817
CCDiff-MetaShift,53,,configs/sweep_metashift_purity1.0_seed0/181.yaml,car(parking meter),car(vehicle),0.5,1.0,1.0,0.8694549997647604,52.16729998588562
CCDiff-MetaShift,49,,configs/sweep_metashift_purity1.0_seed0/182.yaml,car(dog),car(vehicle),0.0,0.0,0.0,0.7712886214256287,46.27731728553772
CCDiff-MetaShift,12,,configs/sweep_metashift_purity1.0_seed0/183.yaml,car(parking meter),car(mirror),1.0,1.0,1.0,0.18996546268463135,11.39792776107788
CCDiff-MetaShift,55,,configs/sweep_metashift_purity1.0_seed0/184.yaml,car(bicycle),car(fence),0.0,1.0,1.0,0.8875427881876627,53.252567291259766
CCDiff-MetaShift,56,,configs/sweep_metashift_purity1.0_seed0/185.yaml,car(plate),car(boy),0.5,0.5,0.5,0.8980055729548136,53.88033437728882
CCDiff-MetaShift,53,,configs/sweep_metashift_purity1.0_seed0/186.yaml,wire(fence),wire(wall),0.5,0.5,0.5,0.8636202375094096,51.817214250564575
CCDiff-MetaShift,47,,configs/sweep_metashift_purity1.0_seed0/187.yaml,wire(pole),wire(wall),0.5,0.5,0.5,0.769164522488912,46.14987134933472
CCDiff-MetaShift,45,,configs/sweep_metashift_purity1.0_seed0/188.yaml,wire(sky),wire(fence),0.0,0.0,0.0,0.7219013730684917,43.3140823841095
CCDiff-MetaShift,14,,configs/sweep_metashift_purity1.0_seed0/189.yaml,wire(pole),wire(table),0.5,0.5,0.5,0.1890992403030395,11.345954418182371
CCDiff-MetaShift,5,,configs/sweep_metashift_purity1.0_seed0/190.yaml,wire(sky),wire(wall),0.0,0.5,0.5,0.06256865660349528,3.754119396209717
CCDiff-MetaShift,55,,configs/sweep_metashift_purity1.0_seed0/191.yaml,sign(chair),sign(motorcycle),0.5,0.5,0.5,0.8728859305381775,52.37315583229065
CCDiff-MetaShift,54,,configs/sweep_metashift_purity1.0_seed0/192.yaml,sign(building),sign(bike),1.0,1.0,1.0,0.896075701713562,53.76454210281372
CCDiff-MetaShift,53,,configs/sweep_metashift_purity1.0_seed0/193.yaml,sign(window),sign(truck),0.0,0.0,0.0,0.8658099889755249,51.948599338531494
CCDiff-MetaShift,12,,configs/sweep_metashift_purity1.0_seed0/194.yaml,sign(building),sign(bus),0.5,0.5,0.5,0.19855162700017293,11.913097620010376
CCDiff-MetaShift,54,,configs/sweep_metashift_purity1.0_seed0/195.yaml,sign(picture),sign(dog),0.0,1.0,1.0,0.8884987076123555,53.30992245674133
CCDiff-MetaShift,55,,configs/sweep_metashift_purity1.0_seed0/196.yaml,guy(skateboard),guy(glasses),1.0,1.0,1.0,0.8939807335535686,53.63884401321411
CCDiff-MetaShift,53,,configs/sweep_metashift_purity1.0_seed0/197.yaml,guy(shirt),guy(table),0.0,0.0,0.0,0.8687496900558471,52.12498140335083
CCDiff-MetaShift,5,,configs/sweep_metashift_purity1.0_seed0/198.yaml,guy(shirt),guy(glasses),0.0,0.0,0.0,0.0695021112759908,4.170126676559448
CCDiff-MetaShift,53,,configs/sweep_metashift_purity1.0_seed0/199.yaml,guy(ground),guy(fence),0.5,0.5,0.5,0.8747560063997905,52.48536038398743
CCDiff-MetaShift,55,,configs/sweep_metashift_purity1.0_seed0/200.yaml,guy(person),guy(hat),0.0,0.5,0.5,0.8791188597679138,52.74713158607483
CCDiff-MetaShift,55,,configs/sweep_metashift_purity1.0_seed0/201.yaml,camera(table),camera(pole),0.5,0.5,0.5,0.8999242742856344,53.99545645713806
CCDiff-MetaShift,55,,configs/sweep_metashift_purity1.0_seed0/202.yaml,camera(mirror),camera(person),0.0,0.5,0.5,0.8890954375267028,53.34572625160217
CCDiff-MetaShift,55,,configs/sweep_metashift_purity1.0_seed0/203.yaml,camera(people),camera(glasses),1.0,1.0,1.0,0.8939162453015645,53.63497471809387
CCDiff-MetaShift,46,,configs/sweep_metashift_purity1.0_seed0/204.yaml,camera(helmet),camera(person),0.0,0.0,0.0,0.7428795496622721,44.57277297973633
CCDiff-MetaShift,47,,configs/sweep_metashift_purity1.0_seed0/205.yaml,camera(fence),camera(table),0.0,0.0,0.0,0.763187849521637,45.79127097129822
CCDiff-MetaShift,54,,configs/sweep_metashift_purity1.0_seed0/206.yaml,mirror(toilet),mirror(glasses),0.5,1.0,1.0,0.8317049940427145,49.902299642562866
CCDiff-MetaShift,12,,configs/sweep_metashift_purity1.0_seed0/207.yaml,mirror(toilet),mirror(towel),0.5,0.5,0.5,0.19364609718322753,11.618765830993652
CCDiff-MetaShift,53,,configs/sweep_metashift_purity1.0_seed0/208.yaml,mirror(pillow),mirror(chair),0.0,0.5,0.5,0.8558050910631816,51.348305463790894
CCDiff-MetaShift,53,,configs/sweep_metashift_purity1.0_seed0/209.yaml,mirror(cup),mirror(picture),0.0,0.0,0.0,0.857035227616628,51.42211365699768
CCDiff-MetaShift,51,,configs/sweep_metashift_purity1.0_seed0/210.yaml,mirror(counter),mirror(bowl),0.5,0.5,0.5,0.8323886712392171,49.94332027435303
CCDiff-MetaShift,52,,configs/sweep_metashift_purity1.0_seed0/211.yaml,logo(surfboard),logo(shoe),0.0,0.0,0.0,0.8494885404904683,50.9693124294281
CCDiff-MetaShift,46,,configs/sweep_metashift_purity1.0_seed0/212.yaml,logo(laptop),logo(shoe),0.0,0.0,0.0,0.7601276914278666,45.607661485672
CCDiff-MetaShift,52,,configs/sweep_metashift_purity1.0_seed0/213.yaml,logo(sign),logo(plate),0.0,0.0,0.0,0.8593729972839356,51.56237983703613
CCDiff-MetaShift,52,,configs/sweep_metashift_purity1.0_seed0/214.yaml,logo(motorcycle),logo(door),0.0,0.0,0.0,0.8344127893447876,50.064767360687256
CCDiff-MetaShift,44,,configs/sweep_metashift_purity1.0_seed0/215.yaml,logo(shirt),logo(shoe),0.0,0.0,0.0,0.7345919926961263,44.07551956176758
CCDiff-MetaShift,52,,configs/sweep_metashift_purity1.0_seed0/216.yaml,tower(building),tower(clock),0.5,0.5,0.5,0.8604581236839295,51.62748742103577
CCDiff-MetaShift,54,,configs/sweep_metashift_purity1.0_seed0/217.yaml,tower(car),tower(man),1.0,1.0,1.0,0.8937081297238668,53.62248778343201
CCDiff-MetaShift,45,,configs/sweep_metashift_purity1.0_seed0/218.yaml,tower(person),tower(man),0.0,0.0,0.0,0.7514476497968038,45.08685898780823
CCDiff-MetaShift,13,,configs/sweep_metashift_purity1.0_seed0/219.yaml,tower(building),tower(sky),0.5,1.0,1.0,0.1945905367533366,11.675432205200195
CCDiff-MetaShift,46,,configs/sweep_metashift_purity1.0_seed0/220.yaml,tower(fence),tower(sky),0.0,0.0,0.0,0.7485398968060811,44.91239380836487
CCDiff-MetaShift,54,,configs/sweep_metashift_purity1.0_seed0/221.yaml,truck(man),truck(cone),0.0,0.5,0.5,0.8877171675364176,53.26303005218506
CCDiff-MetaShift,51,,configs/sweep_metashift_purity1.0_seed0/222.yaml,truck(bag),truck(airplane),0.0,0.0,0.0,0.8491193334261576,50.94716000556946
CCDiff-MetaShift,53,,configs/sweep_metashift_purity1.0_seed0/223.yaml,truck(woman),truck(van),0.0,0.0,0.0,0.8682599107424418,52.09559464454651
CCDiff-MetaShift,54,,configs/sweep_metashift_purity1.0_seed0/224.yaml,truck(grass),truck(tree),0.0,0.5,0.5,0.8846750338872273,53.08050203323364
CCDiff-MetaShift,14,,configs/sweep_metashift_purity1.0_seed0/225.yaml,truck(woman),truck(vehicle),0.5,0.5,0.5,0.1997934063275655,11.98760437965393
CCDiff-MetaShift,52,,configs/sweep_metashift_purity1.0_seed0/226.yaml,people(purse),people(goggles),0.0,0.0,0.0,0.8547918717066447,51.28751230239868
CCDiff-MetaShift,53,,configs/sweep_metashift_purity1.0_seed0/227.yaml,people(cup),people(box),0.0,0.0,0.0,0.8741531252861023,52.44918751716614
CCDiff-MetaShift,51,,configs/sweep_metashift_purity1.0_seed0/228.yaml,people(jacket),people(umbrellas),0.0,0.5,0.5,0.853256078561147,51.19536471366882
CCDiff-MetaShift,54,,configs/sweep_metashift_purity1.0_seed0/229.yaml,people(fence),people(ball),0.5,0.5,0.5,0.8724248965581258,52.34549379348755
CCDiff-MetaShift,53,,configs/sweep_metashift_purity1.0_seed0/230.yaml,people(suit),people(bicycle),0.0,0.5,0.5,0.8665989398956299,51.99593639373779
CCDiff-MetaShift,52,,configs/sweep_metashift_purity1.0_seed0/231.yaml,building(truck),building(crowd),1.0,1.0,1.0,0.8697260181109111,52.18356108665466
CCDiff-MetaShift,53,,configs/sweep_metashift_purity1.0_seed0/232.yaml,building(snow),building(bike),0.5,0.5,0.5,0.8515215754508972,51.09129452705383
CCDiff-MetaShift,54,,configs/sweep_metashift_purity1.0_seed0/233.yaml,building(house),building(boat),0.0,0.5,0.5,0.8744589765866597,52.467538595199585
CCDiff-MetaShift,53,,configs/sweep_metashift_purity1.0_seed0/234.yaml,building(tower),building(woman),1.0,1.0,1.0,0.8635547598203023,51.81328558921814
CCDiff-MetaShift,53,,configs/sweep_metashift_purity1.0_seed0/235.yaml,building(trees),building(traffic light),0.0,0.0,0.0,0.8480574687321981,50.883448123931885
CCDiff-MetaShift,53,,configs/sweep_metashift_purity1.0_seed0/236.yaml,trees(man),trees(mountains),0.0,0.0,0.0,0.8542124986648559,51.25274991989136
CCDiff-MetaShift,50,,configs/sweep_metashift_purity1.0_seed0/237.yaml,trees(snow),trees(house),0.0,0.0,0.0,0.8322499235471089,49.93499541282654
CCDiff-MetaShift,45,,configs/sweep_metashift_purity1.0_seed0/238.yaml,trees(truck),trees(snow),0.0,0.5,0.5,0.7457661469777425,44.74596881866455
CCDiff-MetaShift,53,,configs/sweep_metashift_purity1.0_seed0/239.yaml,trees(pole),trees(giraffe),0.0,0.0,0.0,0.8601830323537191,51.610981941223145
CCDiff-MetaShift,13,,configs/sweep_metashift_purity1.0_seed0/240.yaml,trees(truck),trees(boy),0.0,0.5,0.5,0.1854069272677104,11.124415636062622
CCDiff-MetaShift,54,,configs/sweep_metashift_purity1.0_seed0/241.yaml,street(lamp),street(trash can),0.0,0.0,0.0,0.8690393328666687,52.14235997200012
CCDiff-MetaShift,54,,configs/sweep_metashift_purity1.0_seed0/242.yaml,street(truck),street(traffic light),1.0,1.0,1.0,0.8685598770777384,52.11359262466431
CCDiff-MetaShift,53,,configs/sweep_metashift_purity1.0_seed0/243.yaml,street(suv),street(skateboard),0.0,0.5,0.5,0.8658805847167969,51.95283508300781
CCDiff-MetaShift,56,,configs/sweep_metashift_purity1.0_seed0/244.yaml,street(box),street(bike),0.5,0.5,0.5,0.9075621287027996,54.45372772216797
CCDiff-MetaShift,53,,configs/sweep_metashift_purity1.0_seed0/245.yaml,street(fence),street(man),0.0,0.0,0.0,0.8793394088745117,52.7603645324707
CCDiff-MetaShift,53,,configs/sweep_metashift_purity1.0_seed0/246.yaml,bench(person),bench(trunk),1.0,1.0,1.0,0.8567707061767578,51.40624237060547
CCDiff-MetaShift,52,,configs/sweep_metashift_purity1.0_seed0/247.yaml,bench(window),bench(bottle),0.0,0.5,0.5,0.8617142717043559,51.70285630226135
CCDiff-MetaShift,53,,configs/sweep_metashift_purity1.0_seed0/248.yaml,bench(man),bench(tree),1.0,1.0,1.0,0.8477229913075764,50.86337947845459
CCDiff-MetaShift,44,,configs/sweep_metashift_purity1.0_seed0/249.yaml,bench(bushes),bench(trunk),0.5,0.5,0.5,0.7214815855026245,43.28889513015747
CCDiff-MetaShift,53,,configs/sweep_metashift_purity1.0_seed0/250.yaml,bench(water),bench(trash can),0.5,1.0,1.0,0.8872852365175883,53.2371141910553
CCDiff-MetaShift,51,,configs/sweep_metashift_purity1.0_seed0/251.yaml,platform(people),platform(woman),0.0,0.0,0.0,0.8327381292978923,49.964287757873535
CCDiff-MetaShift,53,,configs/sweep_metashift_purity1.0_seed0/252.yaml,platform(fence),platform(person),0.0,0.0,0.0,0.837185815970103,50.23114895820618
CCDiff-MetaShift,41,,configs/sweep_metashift_purity1.0_seed0/253.yaml,platform(train),platform(woman),1.0,1.0,1.0,0.6730890313784281,40.38534188270569
CCDiff-MetaShift,5,,configs/sweep_metashift_purity1.0_seed0/254.yaml,platform(train),platform(person),1.0,1.0,1.0,0.059702308972676595,3.5821385383605957
CCDiff-MetaShift,40,,configs/sweep_metashift_purity1.0_seed0/255.yaml,platform(person),platform(man),0.0,0.5,0.5,0.6699739456176758,40.19843673706055
CCDiff-MetaShift,49,,configs/sweep_metashift_purity1.0_seed0/256.yaml,surfer(surfboard),surfer(wetsuit),0.5,1.0,1.0,0.8013103564580282,48.07862138748169
CCDiff-MetaShift,12,,configs/sweep_metashift_purity1.0_seed0/257.yaml,surfer(surfboard),surfer(water),0.5,1.0,1.0,0.19193419615427657,11.516051769256592
CCDiff-MetaShift,33,,configs/sweep_metashift_purity1.0_seed0/258.yaml,surfer(water),surfer(wetsuit),1.0,1.0,1.0,0.5494076410929362,32.96445846557617
CCDiff-MetaShift,52,,configs/sweep_metashift_purity1.0_seed0/259.yaml,surfboard(woman),surfboard(people),0.5,1.0,1.0,0.8518017411231995,51.10810446739197
CCDiff-MetaShift,52,,configs/sweep_metashift_purity1.0_seed0/260.yaml,surfboard(sand),surfboard(man),0.0,0.5,0.5,0.8414719184239705,50.48831510543823
CCDiff-MetaShift,51,,configs/sweep_metashift_purity1.0_seed0/261.yaml,surfboard(surfer),surfboard(boy),1.0,1.0,1.0,0.8271833618481954,49.63100171089173
CCDiff-MetaShift,15,,configs/sweep_metashift_purity1.0_seed0/262.yaml,surfboard(surfer),surfboard(water),1.0,1.0,1.0,0.19340314865112304,11.604188919067385
CCDiff-MetaShift,35,,configs/sweep_metashift_purity1.0_seed0/263.yaml,surfboard(man),surfboard(boy),1.0,1.0,1.0,0.5603394071261089,33.62036442756653
CCDiff-MetaShift,52,,configs/sweep_metashift_purity1.0_seed0/264.yaml,ocean(woman),ocean(kite),1.0,1.0,1.0,0.8536232074101766,51.21739244461059
CCDiff-MetaShift,51,,configs/sweep_metashift_purity1.0_seed0/265.yaml,ocean(sky),ocean(person),0.0,0.5,0.5,0.8307538390159607,49.84523034095764
CCDiff-MetaShift,12,,configs/sweep_metashift_purity1.0_seed0/266.yaml,ocean(woman),ocean(man),1.0,1.0,1.0,0.19844975074132284,11.90698504447937
CCDiff-MetaShift,43,,configs/sweep_metashift_purity1.0_seed0/267.yaml,ocean(person),ocean(boat),0.5,1.0,1.0,0.7001882950464885,42.01129770278931
CCDiff-MetaShift,34,,configs/sweep_metashift_purity1.0_seed0/268.yaml,ocean(man),ocean(person),0.5,1.0,1.0,0.5547783454259236,33.28670072555542
CCDiff-MetaShift,49,,configs/sweep_metashift_purity1.0_seed0/269.yaml,person(surfboard),person(shorts),1.0,1.0,1.0,0.8105401158332824,48.63240694999695
CCDiff-MetaShift,53,,configs/sweep_metashift_purity1.0_seed0/270.yaml,person(can),person(bench),0.0,0.0,0.0,0.8571189562479655,51.42713737487793
CCDiff-MetaShift,52,,configs/sweep_metashift_purity1.0_seed0/271.yaml,person(bracelet),person(umbrellas),0.0,0.0,0.0,0.8410035332043966,50.460211992263794
CCDiff-MetaShift,54,,configs/sweep_metashift_purity1.0_seed0/272.yaml,person(bowl),person(woman),0.5,1.0,1.0,0.876255452632904,52.57532715797424
CCDiff-MetaShift,13,,configs/sweep_metashift_purity1.0_seed0/273.yaml,person(surfboard),person(tray),1.0,1.0,1.0,0.1971740444501241,11.830442667007446
CCDiff-MetaShift,49,,configs/sweep_metashift_purity1.0_seed0/274.yaml,skis(person),skis(backpack),0.5,1.0,1.0,0.7953573703765869,47.721442222595215
CCDiff-MetaShift,49,,configs/sweep_metashift_purity1.0_seed0/275.yaml,skis(snow),skis(skier),0.5,0.5,0.5,0.806425952911377,48.38555717468262
CCDiff-MetaShift,13,,configs/sweep_metashift_purity1.0_seed0/276.yaml,skis(person),skis(man),0.5,1.0,1.0,0.1931800842285156,11.590805053710938
CCDiff-MetaShift,33,,configs/sweep_metashift_purity1.0_seed0/277.yaml,skis(man),skis(skier),0.5,1.0,1.0,0.5422448078791301,32.5346884727478
CCDiff-MetaShift,33,,configs/sweep_metashift_purity1.0_seed0/278.yaml,skis(skier),skis(backpack),1.0,1.0,1.0,0.5301863551139832,31.81118130683899
CCDiff-MetaShift,52,,configs/sweep_metashift_purity1.0_seed0/279.yaml,kitchen(man),kitchen(faucet),0.5,1.0,1.0,0.8299071391423544,49.79442834854126
CCDiff-MetaShift,50,,configs/sweep_metashift_purity1.0_seed0/280.yaml,kitchen(stove),kitchen(woman),1.0,1.0,1.0,0.8371140281359355,50.22684168815613
CCDiff-MetaShift,13,,configs/sweep_metashift_purity1.0_seed0/281.yaml,kitchen(stove),kitchen(refrigerator),1.0,1.0,1.0,0.2041391213734945,12.248347282409668
CCDiff-MetaShift,50,,configs/sweep_metashift_purity1.0_seed0/282.yaml,kitchen(chair),kitchen(drawer),0.5,0.5,0.5,0.8267833789189657,49.60700273513794
CCDiff-MetaShift,52,,configs/sweep_metashift_purity1.0_seed0/283.yaml,kitchen(cabinets),kitchen(cabinet),0.5,0.5,0.5,0.8128408273061116,48.7704496383667
CCDiff-MetaShift,55,,configs/sweep_metashift_purity1.0_seed0/284.yaml,fork(container),fork(table),0.5,0.5,0.5,0.9045877019564312,54.275262117385864
CCDiff-MetaShift,53,,configs/sweep_metashift_purity1.0_seed0/285.yaml,fork(cup),fork(chair),0.0,0.0,0.0,0.8813896338144939,52.88337802886963
CCDiff-MetaShift,52,,configs/sweep_metashift_purity1.0_seed0/286.yaml,fork(knife),fork(food),0.0,0.5,0.5,0.8800941705703735,52.80565023422241
CCDiff-MetaShift,47,,configs/sweep_metashift_purity1.0_seed0/287.yaml,fork(table),fork(cheese),0.5,0.5,0.5,0.7617249449094137,45.70349669456482
CCDiff-MetaShift,54,,configs/sweep_metashift_purity1.0_seed0/288.yaml,fork(bread),fork(person),0.0,0.5,0.5,0.908009433746338,54.48056602478027
CCDiff-MetaShift,50,,configs/sweep_metashift_purity1.0_seed0/289.yaml,stove(counter),stove(bowl),0.0,0.5,0.5,0.8284801085789998,49.70880651473999
CCDiff-MetaShift,51,,configs/sweep_metashift_purity1.0_seed0/290.yaml,stove(pan),stove(bottle),0.5,0.5,0.5,0.8258474151293437,49.55084490776062
CCDiff-MetaShift,50,,configs/sweep_metashift_purity1.0_seed0/291.yaml,stove(drawer),stove(table),0.5,0.5,0.5,0.8036166270573933,48.2169976234436
CCDiff-MetaShift,49,,configs/sweep_metashift_purity1.0_seed0/292.yaml,stove(cabinets),stove(shelf),1.0,1.0,1.0,0.7962206959724426,47.77324175834656
CCDiff-MetaShift,50,,configs/sweep_metashift_purity1.0_seed0/293.yaml,stove(oven),stove(refrigerator),0.5,0.5,0.5,0.8184152523676554,49.104915142059326
CCDiff-MetaShift,53,,configs/sweep_metashift_purity1.0_seed0/294.yaml,shirt(man),shirt(coat),0.5,0.5,0.5,0.8515223503112793,51.09134101867676
CCDiff-MetaShift,13,,configs/sweep_metashift_purity1.0_seed0/295.yaml,shirt(man),shirt(jacket),0.0,0.0,0.0,0.1945157249768575,11.67094349861145
CCDiff-MetaShift,57,,configs/sweep_metashift_purity1.0_seed0/296.yaml,shirt(bear),shirt(sweater),0.0,0.0,0.0,0.9116159995396932,54.69695997238159
CCDiff-MetaShift,44,,configs/sweep_metashift_purity1.0_seed0/297.yaml,shirt(jacket),shirt(bed),0.0,0.0,0.0,0.7134544650713602,42.807267904281616
CCDiff-MetaShift,45,,configs/sweep_metashift_purity1.0_seed0/298.yaml,shirt(tie),shirt(bed),1.0,1.0,1.0,0.7426184336344401,44.557106018066406
CCDiff-MetaShift,54,,configs/sweep_metashift_purity1.0_seed0/299.yaml,hat(man),hat(hair),0.0,0.0,0.0,0.8734968503316244,52.40981101989746
CCDiff-MetaShift,13,,configs/sweep_metashift_purity1.0_seed0/300.yaml,hat(man),hat(dog),0.5,0.5,0.5,0.1893378218015035,11.36026930809021
CCDiff-MetaShift,14,,configs/sweep_metashift_purity1.0_seed0/301.yaml,hat(man),hat(table),0.5,0.5,0.5,0.19640217224756876,11.784130334854126
CCDiff-MetaShift,37,,configs/sweep_metashift_purity1.0_seed0/302.yaml,hat(dog),hat(table),0.0,0.0,0.0,0.6042994221051534,36.2579653263092
CCDiff-MetaShift,13,,configs/sweep_metashift_purity1.0_seed0/303.yaml,hat(dog),hat(wall),0.0,0.0,0.0,0.19672542413075764,11.80352544784546
CCDiff-MetaShift,51,,configs/sweep_metashift_purity1.0_seed0/304.yaml,pan(table),pan(pizza),0.5,0.5,0.5,0.8296898484230042,49.78139090538025
CCDiff-MetaShift,43,,configs/sweep_metashift_purity1.0_seed0/305.yaml,pan(pizza),pan(counter),0.5,1.0,1.0,0.693887996673584,41.63327980041504
CCDiff-MetaShift,43,,configs/sweep_metashift_purity1.0_seed0/306.yaml,pan(stove),pan(counter),0.5,1.0,1.0,0.7086662173271179,42.519973039627075
CCDiff-MetaShift,44,,configs/sweep_metashift_purity1.0_seed0/307.yaml,pan(wall),pan(counter),0.0,0.5,0.5,0.7177310228347779,43.06386137008667
CCDiff-MetaShift,6,,configs/sweep_metashift_purity1.0_seed0/308.yaml,pan(table),pan(counter),0.5,0.5,0.5,0.06948672533035279,4.169203519821167
CCDiff-MetaShift,54,,configs/sweep_metashift_purity1.0_seed0/309.yaml,basket(man),basket(table),0.0,0.0,0.0,0.8764484882354736,52.58690929412842
CCDiff-MetaShift,52,,configs/sweep_metashift_purity1.0_seed0/310.yaml,basket(floor),basket(food),0.0,0.0,0.0,0.8196725130081177,49.18035078048706
CCDiff-MetaShift,44,,configs/sweep_metashift_purity1.0_seed0/311.yaml,basket(food),basket(bag),0.5,0.5,0.5,0.7201564033826192,43.20938420295715
CCDiff-MetaShift,4,,configs/sweep_metashift_purity1.0_seed0/312.yaml,basket(man),basket(floor),0.0,0.0,0.0,0.06110482215881348,3.6662893295288086
CCDiff-MetaShift,4,,configs/sweep_metashift_purity1.0_seed0/313.yaml,basket(floor),basket(bag),0.0,0.0,0.0,0.06594696839650473,3.956818103790283
CCDiff-MetaShift,54,,configs/sweep_metashift_purity1.0_seed0/314.yaml,straw(glass),straw(cup),0.0,0.0,0.0,0.8839758117993672,53.03854870796203
CCDiff-MetaShift,54,,configs/sweep_metashift_purity1.0_seed0/315.yaml,glass(table),glass(bottle),0.0,0.0,0.0,0.866412635644277,51.984758138656616
CCDiff-MetaShift,44,,configs/sweep_metashift_purity1.0_seed0/316.yaml,glass(bottle),glass(sink),0.0,0.5,0.5,0.7296209494272868,43.77725696563721
CCDiff-MetaShift,53,,configs/sweep_metashift_purity1.0_seed0/317.yaml,glass(pizza),glass(drink),0.0,0.5,0.5,0.8522290309270223,51.13374185562134
CCDiff-MetaShift,45,,configs/sweep_metashift_purity1.0_seed0/318.yaml,glass(wine),glass(pizza),0.0,1.0,1.0,0.7372688372929891,44.236130237579346
CCDiff-MetaShift,54,,configs/sweep_metashift_purity1.0_seed0/319.yaml,glass(man),glass(bowl),0.0,0.0,0.0,0.8686847647031148,52.12108588218689
CCDiff-MetaShift,54,,configs/sweep_metashift_purity1.0_seed0/320.yaml,wine(plate),wine(table),0.5,0.5,0.5,0.87782807747523,52.669684648513794
CCDiff-MetaShift,55,,configs/sweep_metashift_purity1.0_seed0/321.yaml,wine(glass),wine(wine glass),0.0,0.0,0.0,0.890994111696879,53.459646701812744
CCDiff-MetaShift,13,,configs/sweep_metashift_purity1.0_seed0/322.yaml,wine(glass),wine(man),0.5,0.5,0.5,0.18741661310195923,11.244996786117554
CCDiff-MetaShift,44,,configs/sweep_metashift_purity1.0_seed0/323.yaml,wine(woman),wine(table),0.0,0.5,0.5,0.7157583634058634,42.94550180435181
CCDiff-MetaShift,46,,configs/sweep_metashift_purity1.0_seed0/324.yaml,wine(table),wine(bottle),0.0,0.5,0.5,0.7514056960741679,45.08434176445007
CCDiff-MetaShift,51,,configs/sweep_metashift_purity1.0_seed0/325.yaml,roof(house),roof(snow),0.0,0.0,0.0,0.8424373388290405,50.54624032974243
CCDiff-MetaShift,53,,configs/sweep_metashift_purity1.0_seed0/326.yaml,roof(building),roof(man),0.0,0.0,0.0,0.8406572779019673,50.43943667411804
CCDiff-MetaShift,45,,configs/sweep_metashift_purity1.0_seed0/327.yaml,roof(train),roof(snow),0.0,0.0,0.0,0.658359146118164,39.50154876708984
CCDiff-MetaShift,43,,configs/sweep_metashift_purity1.0_seed0/328.yaml,roof(clock),roof(snow),1.0,1.0,1.0,0.7060232083002727,42.36139249801636
CCDiff-MetaShift,45,,configs/sweep_metashift_purity1.0_seed0/329.yaml,roof(chimney),roof(snow),0.0,0.0,0.0,0.729566486676534,43.77398920059204
CCDiff-MetaShift,49,,configs/sweep_metashift_purity1.0_seed0/330.yaml,clouds(sun),clouds(kite),0.0,0.5,0.5,0.8113625963528951,48.681755781173706
CCDiff-MetaShift,40,,configs/sweep_metashift_purity1.0_seed0/331.yaml,clouds(airplane),clouds(sun),0.5,0.5,0.5,0.6470571041107178,38.823426246643066
CCDiff-MetaShift,43,,configs/sweep_metashift_purity1.0_seed0/332.yaml,clouds(sky),clouds(sun),0.0,0.5,0.5,0.6978490273157756,41.87094163894653
CCDiff-MetaShift,12,,configs/sweep_metashift_purity1.0_seed0/333.yaml,clouds(sky),clouds(trees),0.0,0.0,0.0,0.19633276065190633,11.77996563911438
CCDiff-MetaShift,34,,configs/sweep_metashift_purity1.0_seed0/334.yaml,clouds(trees),clouds(airplane),0.0,0.0,0.0,0.5668668667475383,34.012012004852295
CCDiff-MetaShift,51,,configs/sweep_metashift_purity1.0_seed0/335.yaml,cow(grass),cow(ground),1.0,1.0,1.0,0.8412541309992473,50.475247859954834
CCDiff-MetaShift,51,,configs/sweep_metashift_purity1.0_seed0/336.yaml,cow(fence),cow(tree),1.0,1.0,1.0,0.8413180390993754,50.47908234596253
CCDiff-MetaShift,4,,configs/sweep_metashift_purity1.0_seed0/337.yaml,cow(grass),cow(fence),1.0,1.0,1.0,0.05385469198226929,3.2312815189361572
CCDiff-MetaShift,45,,configs/sweep_metashift_purity1.0_seed0/338.yaml,cow(man),cow(tree),1.0,1.0,1.0,0.7196512540181478,43.17907524108887
CCDiff-MetaShift,35,,configs/sweep_metashift_purity1.0_seed0/339.yaml,cow(ground),cow(fence),0.5,0.5,0.5,0.5701305707295735,34.207834243774414
CCDiff-MetaShift,52,,configs/sweep_metashift_purity1.0_seed0/340.yaml,field(grass),field(woman),0.5,0.5,0.5,0.8275118430455526,49.650710582733154
CCDiff-MetaShift,49,,configs/sweep_metashift_purity1.0_seed0/341.yaml,field(boy),field(zebra),0.5,1.0,1.0,0.8244861125946045,49.46916675567627
CCDiff-MetaShift,50,,configs/sweep_metashift_purity1.0_seed0/342.yaml,field(player),field(batter),0.5,0.5,0.5,0.8258978962898255,49.553873777389526
CCDiff-MetaShift,50,,configs/sweep_metashift_purity1.0_seed0/343.yaml,field(trees),field(bench),0.0,0.0,0.0,0.8341462254524231,50.048773527145386
CCDiff-MetaShift,43,,configs/sweep_metashift_purity1.0_seed0/344.yaml,field(house),field(batter),1.0,1.0,1.0,0.6925241430600484,41.551448583602905
CCDiff-MetaShift,52,,configs/sweep_metashift_purity1.0_seed0/345.yaml,container(bottle),container(bread),0.0,0.0,0.0,0.8393147230148316,50.35888338088989
CCDiff-MetaShift,50,,configs/sweep_metashift_purity1.0_seed0/346.yaml,container(shelf),container(counter),0.0,0.0,0.0,0.8334743817647298,50.00846290588379
CCDiff-MetaShift,43,,configs/sweep_metashift_purity1.0_seed0/347.yaml,container(counter),container(cabinet),0.5,0.5,0.5,0.6894352873166402,41.36611723899841
CCDiff-MetaShift,57,,configs/sweep_metashift_purity1.0_seed0/348.yaml,container(fork),container(bowl),0.0,0.0,0.0,0.9025246461232505,54.15147876739502
CCDiff-MetaShift,52,,configs/sweep_metashift_purity1.0_seed0/349.yaml,container(bag),container(food),0.0,0.5,0.5,0.8586522857348124,51.519137144088745
CCDiff-MetaShift,55,,configs/sweep_metashift_purity1.0_seed0/350.yaml,knife(spoon),knife(cake),0.0,0.0,0.0,0.8869794925053914,53.218769550323486
CCDiff-MetaShift,52,,configs/sweep_metashift_purity1.0_seed0/351.yaml,knife(glasses),knife(counter),0.0,0.0,0.0,0.8389290690422058,50.33574414253235
CCDiff-MetaShift,45,,configs/sweep_metashift_purity1.0_seed0/352.yaml,knife(bottle),knife(cake),0.0,0.0,0.0,0.7262266516685486,43.573599100112915
CCDiff-MetaShift,46,,configs/sweep_metashift_purity1.0_seed0/353.yaml,knife(bread),knife(counter),0.0,0.0,0.0,0.7448895533879598,44.69337320327759
CCDiff-MetaShift,54,,configs/sweep_metashift_purity1.0_seed0/354.yaml,knife(napkin),knife(person),0.0,0.0,0.0,0.8798618872960409,52.79171323776245
CCDiff-MetaShift,51,,configs/sweep_metashift_purity1.0_seed0/355.yaml,cat(book),cat(shelf),0.5,0.5,0.5,0.848487404982249,50.90924429893494
CCDiff-MetaShift,50,,configs/sweep_metashift_purity1.0_seed0/356.yaml,cat(keyboard),cat(screen),0.5,0.5,0.5,0.8214950680732727,49.28970408439636
CCDiff-MetaShift,13,,configs/sweep_metashift_purity1.0_seed0/357.yaml,cat(book),cat(bed),0.5,1.0,1.0,0.20435593128204343,12.261355876922607
CCDiff-MetaShift,49,,configs/sweep_metashift_purity1.0_seed0/358.yaml,cat(floor),cat(collar),0.0,0.0,0.0,0.8163575410842896,48.98145246505737
CCDiff-MetaShift,41,,configs/sweep_metashift_purity1.0_seed0/359.yaml,cat(carpet),cat(screen),0.0,0.5,0.5,0.6901667714118958,41.410006284713745
CCDiff-MetaShift,53,,configs/sweep_metashift_purity1.0_seed0/360.yaml,beach(girl),beach(boat),0.5,0.5,0.5,0.8459227442741394,50.75536465644837
CCDiff-MetaShift,50,,configs/sweep_metashift_purity1.0_seed0/361.yaml,beach(sky),beach(sand),0.0,0.5,0.5,0.806825868288676,48.40955209732056
CCDiff-MetaShift,12,,configs/sweep_metashift_purity1.0_seed0/362.yaml,beach(girl),beach(woman),0.0,0.5,0.5,0.1957627296447754,11.745763778686523
CCDiff-MetaShift,51,,configs/sweep_metashift_purity1.0_seed0/363.yaml,beach(kite),beach(boy),0.5,1.0,1.0,0.8291008313496907,49.746049880981445
CCDiff-MetaShift,43,,configs/sweep_metashift_purity1.0_seed0/364.yaml,beach(surfboard),beach(boy),1.0,1.0,1.0,0.6929052670796713,41.57431602478027
CCDiff-MetaShift,55,,configs/sweep_metashift_purity1.0_seed0/365.yaml,keyboard(box),keyboard(picture),0.0,0.5,0.5,0.8870156486829122,53.22093892097473
CCDiff-MetaShift,13,,configs/sweep_metashift_purity1.0_seed0/366.yaml,keyboard(box),keyboard(speaker),0.0,0.0,0.0,0.20216912031173703,12.130147218704224
CCDiff-MetaShift,54,,configs/sweep_metashift_purity1.0_seed0/367.yaml,keyboard(laptop),keyboard(book),0.5,0.5,0.5,0.8801194469134013,52.80716681480408
CCDiff-MetaShift,55,,configs/sweep_metashift_purity1.0_seed0/368.yaml,keyboard(man),keyboard(computer mouse),0.5,0.5,0.5,0.8768869638442993,52.61321783065796
CCDiff-MetaShift,13,,configs/sweep_metashift_purity1.0_seed0/369.yaml,keyboard(laptop),keyboard(shelf),0.5,0.5,0.5,0.20016625722249348,12.00997543334961
CCDiff-MetaShift,54,,configs/sweep_metashift_purity1.0_seed0/370.yaml,laptop(cell phone),laptop(picture),1.0,1.0,1.0,0.8957932710647583,53.7475962638855
CCDiff-MetaShift,54,,configs/sweep_metashift_purity1.0_seed0/371.yaml,laptop(keyboard),laptop(wall),0.5,0.5,0.5,0.8920680205027263,53.524081230163574
CCDiff-MetaShift,53,,configs/sweep_metashift_purity1.0_seed0/372.yaml,laptop(phone),laptop(shelf),0.5,0.5,0.5,0.8622009118398031,51.732054710388184
CCDiff-MetaShift,53,,configs/sweep_metashift_purity1.0_seed0/373.yaml,laptop(pillow),laptop(person),0.5,0.5,0.5,0.8630995710690816,51.7859742641449
CCDiff-MetaShift,45,,configs/sweep_metashift_purity1.0_seed0/374.yaml,laptop(glasses),laptop(pillow),0.0,0.5,0.5,0.7321641087532044,43.92984652519226
CCDiff-MetaShift,54,,configs/sweep_metashift_purity1.0_seed0/375.yaml,can(man),can(bag),0.0,0.5,0.5,0.8749297618865967,52.4957857131958
CCDiff-MetaShift,13,,configs/sweep_metashift_purity1.0_seed0/376.yaml,can(man),can(box),0.0,0.5,0.5,0.203105890750885,12.1863534450531
CCDiff-MetaShift,45,,configs/sweep_metashift_purity1.0_seed0/377.yaml,can(box),can(bottle),0.0,0.0,0.0,0.7443575024604797,44.661450147628784
CCDiff-MetaShift,54,,configs/sweep_metashift_purity1.0_seed0/378.yaml,can(table),can(woman),0.5,0.5,0.5,0.8853570779164632,53.12142467498779
CCDiff-MetaShift,13,,configs/sweep_metashift_purity1.0_seed0/379.yaml,can(box),can(person),0.0,0.0,0.0,0.21164419651031496,12.698651790618896
CCDiff-MetaShift,55,,configs/sweep_metashift_purity1.0_seed0/380.yaml,cell phone(desk),cell phone(bottle),0.5,0.5,0.5,0.8896828651428222,53.380971908569336
CCDiff-MetaShift,52,,configs/sweep_metashift_purity1.0_seed0/381.yaml,cell phone(girl),cell phone(chair),1.0,1.0,1.0,0.8552406827608744,51.314440965652466
CCDiff-MetaShift,45,,configs/sweep_metashift_purity1.0_seed0/382.yaml,cell phone(laptop),cell phone(bottle),0.5,1.0,1.0,0.748975952466329,44.938557147979736
CCDiff-MetaShift,46,,configs/sweep_metashift_purity1.0_seed0/383.yaml,cell phone(keyboard),cell phone(bottle),0.0,0.5,0.5,0.7588262319564819,45.52957391738891
CCDiff-MetaShift,14,,configs/sweep_metashift_purity1.0_seed0/384.yaml,cell phone(desk),cell phone(people),0.5,0.5,0.5,0.20054144461949663,12.0324866771698
CCDiff-MetaShift,55,,configs/sweep_metashift_purity1.0_seed0/385.yaml,desk(wall),desk(speaker),0.0,0.5,0.5,0.901392102241516,54.08352613449097
CCDiff-MetaShift,53,,configs/sweep_metashift_purity1.0_seed0/386.yaml,desk(chair),desk(mouse pad),0.0,0.5,0.5,0.8755902965863546,52.535417795181274
CCDiff-MetaShift,54,,configs/sweep_metashift_purity1.0_seed0/387.yaml,desk(cell phone),desk(cat),0.5,0.5,0.5,0.8867520928382874,53.20512557029724
CCDiff-MetaShift,56,,configs/sweep_metashift_purity1.0_seed0/388.yaml,desk(computer mouse),desk(books),0.5,0.5,0.5,0.9099918365478517,54.599510192871094
CCDiff-MetaShift,46,,configs/sweep_metashift_purity1.0_seed0/389.yaml,desk(book),desk(mouse pad),0.0,0.5,0.5,0.7485037684440613,44.91022610664368
CCDiff-MetaShift,54,,configs/sweep_metashift_purity1.0_seed0/390.yaml,computer(chair),computer(table),0.0,0.0,0.0,0.8890383283297221,53.342299699783325
CCDiff-MetaShift,55,,configs/sweep_metashift_purity1.0_seed0/391.yaml,computer(shelf),computer(phone),0.0,0.5,0.5,0.8967975894610087,53.80785536766052
CCDiff-MetaShift,53,,configs/sweep_metashift_purity1.0_seed0/392.yaml,computer(keyboard),computer(laptop),0.5,0.5,0.5,0.8710885246594747,52.26531147956848
CCDiff-MetaShift,51,,configs/sweep_metashift_purity1.0_seed0/393.yaml,computer(monitor),computer(speaker),0.5,1.0,1.0,0.8426866849263509,50.561201095581055
CCDiff-MetaShift,47,,configs/sweep_metashift_purity1.0_seed0/394.yaml,computer(desk),computer(chair),1.0,1.0,1.0,0.7468276898066203,44.80966138839722
CCDiff-MetaShift,53,,configs/sweep_metashift_purity1.0_seed0/395.yaml,ceiling(man),ceiling(train),0.0,0.0,0.0,0.868044904867808,52.08269429206848
CCDiff-MetaShift,13,,configs/sweep_metashift_purity1.0_seed0/396.yaml,ceiling(man),ceiling(lamp),0.0,0.0,0.0,0.20396535396575927,12.237921237945557
CCDiff-MetaShift,32,,configs/sweep_metashift_purity1.0_seed0/397.yaml,ceiling(train),ceiling(lamp),0.0,0.0,0.0,0.5292890588442485,31.757343530654907
CCDiff-MetaShift,54,,configs/sweep_metashift_purity1.0_seed0/398.yaml,girl(man),girl(helmet),0.0,0.0,0.0,0.8884091099103292,53.30454659461975
CCDiff-MetaShift,55,,configs/sweep_metashift_purity1.0_seed0/399.yaml,girl(hat),girl(box),0.0,0.0,0.0,0.8898218234380086,53.38930940628052
CCDiff-MetaShift,53,,configs/sweep_metashift_purity1.0_seed0/400.yaml,girl(pants),girl(jacket),0.0,0.0,0.0,0.8670406063397725,52.02243638038635
CCDiff-MetaShift,14,,configs/sweep_metashift_purity1.0_seed0/401.yaml,girl(pants),girl(ball),0.0,0.0,0.0,0.1986681342124939,11.920088052749634
CCDiff-MetaShift,53,,configs/sweep_metashift_purity1.0_seed0/402.yaml,girl(picture),girl(snow),0.5,0.5,0.5,0.8694868922233582,52.16921353340149
CCDiff-MetaShift,54,,configs/sweep_metashift_purity1.0_seed0/403.yaml,chair(lady),chair(computer mouse),0.0,0.0,0.0,0.8822695056597392,52.93617033958435
CCDiff-MetaShift,54,,configs/sweep_metashift_purity1.0_seed0/404.yaml,chair(picture),chair(pillow),0.5,0.5,0.5,0.8948526938756307,53.69116163253784
CCDiff-MetaShift,54,,configs/sweep_metashift_purity1.0_seed0/405.yaml,chair(bag),chair(bottle),0.0,0.0,0.0,0.8712895631790161,52.27737379074097
CCDiff-MetaShift,53,,configs/sweep_metashift_purity1.0_seed0/406.yaml,chair(pot),chair(bed),0.0,0.0,0.0,0.8553956588109334,51.323739528656006
CCDiff-MetaShift,55,,configs/sweep_metashift_purity1.0_seed0/407.yaml,chair(dog),chair(car),1.0,1.0,1.0,0.8983329733212789,53.89997839927673
CCDiff-MetaShift,52,,configs/sweep_metashift_purity1.0_seed0/408.yaml,papers(wall),papers(table),0.0,0.0,0.0,0.8626445849736532,51.75867509841919
CCDiff-MetaShift,47,,configs/sweep_metashift_purity1.0_seed0/409.yaml,papers(keyboard),papers(table),0.5,0.5,0.5,0.7600227316220601,45.60136389732361
CCDiff-MetaShift,48,,configs/sweep_metashift_purity1.0_seed0/410.yaml,papers(desk),papers(table),0.5,0.5,0.5,0.78661101659139,47.1966609954834
CCDiff-MetaShift,14,,configs/sweep_metashift_purity1.0_seed0/411.yaml,papers(desk),papers(man),1.0,1.0,1.0,0.2114129424095154,12.684776544570925
CCDiff-MetaShift,36,,configs/sweep_metashift_purity1.0_seed0/412.yaml,papers(man),papers(table),0.5,0.5,0.5,0.5913169185320536,35.47901511192322
CCDiff-MetaShift,54,,configs/sweep_metashift_purity1.0_seed0/413.yaml,collar(shirt),collar(cat),0.5,0.5,0.5,0.8831351598103842,52.98810958862305
CCDiff-MetaShift,46,,configs/sweep_metashift_purity1.0_seed0/414.yaml,collar(cat),collar(dog),0.5,0.5,0.5,0.7336476802825928,44.018860816955566
CCDiff-MetaShift,6,,configs/sweep_metashift_purity1.0_seed0/415.yaml,collar(shirt),collar(dog),0.5,0.5,0.5,0.0608108123143514,3.648648738861084
CCDiff-MetaShift,57,,configs/sweep_metashift_purity1.0_seed0/416.yaml,graffiti(pole),graffiti(wall),0.5,0.5,0.5,0.9031847238540648,54.1910834312439
CCDiff-MetaShift,15,,configs/sweep_metashift_purity1.0_seed0/417.yaml,graffiti(pole),graffiti(sign),0.0,0.0,0.0,0.2283987323443095,13.70392394065857
CCDiff-MetaShift,38,,configs/sweep_metashift_purity1.0_seed0/418.yaml,graffiti(sign),graffiti(wall),1.0,1.0,1.0,0.6044701536496481,36.26820921897888
CCDiff-MetaShift,51,,configs/sweep_metashift_purity1.0_seed0/419.yaml,train tracks(train),train tracks(gravel),0.5,0.5,0.5,0.832198441028595,49.9319064617157
CCDiff-MetaShift,14,,configs/sweep_metashift_purity1.0_seed0/420.yaml,train tracks(train),train tracks(fence),1.0,1.0,1.0,0.22438892523447673,13.463335514068604
CCDiff-MetaShift,33,,configs/sweep_metashift_purity1.0_seed0/421.yaml,train tracks(fence),train tracks(gravel),0.0,0.0,0.0,0.554544719060262,33.27268314361572
CCDiff-MetaShift,50,,configs/sweep_metashift_purity1.0_seed0/422.yaml,power lines(train),power lines(trees),0.5,1.0,1.0,0.8218117396036784,49.3087043762207
CCDiff-MetaShift,44,,configs/sweep_metashift_purity1.0_seed0/423.yaml,power lines(sky),power lines(trees),0.0,0.0,0.0,0.7239689389864604,43.43813633918762
CCDiff-MetaShift,53,,configs/sweep_metashift_purity1.0_seed0/424.yaml,power lines(pole),power lines(building),0.5,0.5,0.5,0.8737634380658468,52.425806283950806
CCDiff-MetaShift,5,,configs/sweep_metashift_purity1.0_seed0/425.yaml,power lines(pole),power lines(sky),0.5,0.5,0.5,0.06792378028233846,4.075426816940308
CCDiff-MetaShift,5,,configs/sweep_metashift_purity1.0_seed0/426.yaml,power lines(train),power lines(pole),1.0,1.0,1.0,0.0676561713218689,4.059370279312134
CCDiff-MetaShift,54,,configs/sweep_metashift_purity1.0_seed0/427.yaml,train(train tracks),train(bench),0.5,1.0,1.0,0.8719054261843363,52.31432557106018
CCDiff-MetaShift,14,,configs/sweep_metashift_purity1.0_seed0/428.yaml,train(train tracks),train(ceiling),1.0,1.0,1.0,0.21335310538609825,12.801186323165894
CCDiff-MetaShift,53,,configs/sweep_metashift_purity1.0_seed0/429.yaml,train(people),train(wires),0.0,0.0,0.0,0.8628157695134481,51.768946170806885
CCDiff-MetaShift,53,,configs/sweep_metashift_purity1.0_seed0/430.yaml,train(street light),train(bag),0.0,0.0,0.0,0.8493783712387085,50.96270227432251
CCDiff-MetaShift,34,,configs/sweep_metashift_purity1.0_seed0/431.yaml,train(wires),train(bench),0.5,0.5,0.5,0.5510627150535583,33.0637629032135
CCDiff-MetaShift,52,,configs/sweep_metashift_purity1.0_seed0/432.yaml,door(toilet),door(sign),0.0,0.5,0.5,0.852524709701538,51.151482582092285
CCDiff-MetaShift,55,,configs/sweep_metashift_purity1.0_seed0/433.yaml,door(boy),door(curtain),0.0,0.0,0.0,0.9091146945953368,54.546881675720215
CCDiff-MetaShift,55,,configs/sweep_metashift_purity1.0_seed0/434.yaml,door(window),door(stairs),0.0,0.0,0.0,0.8940861463546753,53.64516878128052
CCDiff-MetaShift,56,,configs/sweep_metashift_purity1.0_seed0/435.yaml,door(clock),door(plate),0.5,0.5,0.5,0.9096168796221415,54.57701277732849
CCDiff-MetaShift,45,,configs/sweep_metashift_purity1.0_seed0/436.yaml,door(towel),door(stairs),0.0,0.0,0.0,0.7413922230402629,44.48353338241577
CCDiff-MetaShift,58,,configs/sweep_metashift_purity1.0_seed0/437.yaml,cone(helmet),cone(fence),0.0,0.0,0.0,0.9311111172040304,55.86666703224182
CCDiff-MetaShift,56,,configs/sweep_metashift_purity1.0_seed0/438.yaml,cone(car),cone(person),0.0,0.0,0.0,0.9345035274823508,56.07021164894104
CCDiff-MetaShift,13,,configs/sweep_metashift_purity1.0_seed0/439.yaml,cone(helmet),cone(truck),0.5,0.5,0.5,0.2272358814875285,13.634152889251707
CCDiff-MetaShift,6,,configs/sweep_metashift_purity1.0_seed0/440.yaml,cone(car),cone(helmet),0.0,0.0,0.0,0.07065986792246501,4.2395920753479
CCDiff-MetaShift,54,,configs/sweep_metashift_purity1.0_seed0/441.yaml,cone(airplane),cone(man),0.0,0.0,0.0,0.9038875937461852,54.23325562477112
CCDiff-MetaShift,51,,configs/sweep_metashift_purity1.0_seed0/442.yaml,airplane(clouds),airplane(person),0.0,1.0,1.0,0.8274653037389119,49.64791822433472
CCDiff-MetaShift,53,,configs/sweep_metashift_purity1.0_seed0/443.yaml,airplane(sky),airplane(truck),0.5,1.0,1.0,0.8848262826601664,53.089576959609985
CCDiff-MetaShift,53,,configs/sweep_metashift_purity1.0_seed0/444.yaml,airplane(sign),airplane(water),0.5,1.0,1.0,0.8697133541107178,52.182801246643066
CCDiff-MetaShift,44,,configs/sweep_metashift_purity1.0_seed0/445.yaml,airplane(trees),airplane(clouds),0.0,1.0,1.0,0.7176097949345907,43.05658769607544
CCDiff-MetaShift,14,,configs/sweep_metashift_purity1.0_seed0/446.yaml,airplane(trees),airplane(fence),0.5,1.0,1.0,0.21933820645014449,13.160292387008669
CCDiff-MetaShift,54,,configs/sweep_metashift_purity1.0_seed0/447.yaml,runway(airplane),runway(grass),1.0,1.0,1.0,0.8623514612515767,51.741087675094604
CCDiff-MetaShift,56,,configs/sweep_metashift_purity1.0_seed0/448.yaml,words(sign),words(wall),0.5,1.0,1.0,0.934426478544871,56.06558871269226
CCDiff-MetaShift,57,,configs/sweep_metashift_purity1.0_seed0/449.yaml,elephant(woman),elephant(leaves),1.0,1.0,1.0,0.9345205426216124,56.07123255729675
CCDiff-MetaShift,55,,configs/sweep_metashift_purity1.0_seed0/450.yaml,elephant(rocks),elephant(bushes),1.0,1.0,1.0,0.9008473555246987,54.050841331481934
CCDiff-MetaShift,55,,configs/sweep_metashift_purity1.0_seed0/451.yaml,elephant(bush),elephant(fence),0.5,1.0,1.0,0.907583526770274,54.45501160621643
CCDiff-MetaShift,56,,configs/sweep_metashift_purity1.0_seed0/452.yaml,elephant(building),elephant(trees),0.5,1.0,1.0,0.9119877616564432,54.7192656993866
CCDiff-MetaShift,47,,configs/sweep_metashift_purity1.0_seed0/453.yaml,elephant(tree),elephant(bush),0.0,0.5,0.5,0.7753228068351745,46.519368410110474
CCDiff-MetaShift,60,,configs/sweep_metashift_purity1.0_seed0/454.yaml,picture(desk),picture(television),1.0,1.0,1.0,0.9824750701586406,58.94850420951843
CCDiff-MetaShift,14,,configs/sweep_metashift_purity1.0_seed0/455.yaml,picture(desk),picture(fence),0.5,1.0,1.0,0.2166525403658549,12.999152421951294
CCDiff-MetaShift,57,,configs/sweep_metashift_purity1.0_seed0/456.yaml,picture(table),picture(cabinet),0.0,0.0,0.0,0.947805945078532,56.868356704711914
CCDiff-MetaShift,59,,configs/sweep_metashift_purity1.0_seed0/457.yaml,picture(man),picture(vase),0.5,0.5,0.5,0.9698708534240724,58.192251205444336
CCDiff-MetaShift,15,,configs/sweep_metashift_purity1.0_seed0/458.yaml,picture(desk),picture(cat),1.0,1.0,1.0,0.2301676114400228,13.810056686401367
CCDiff-MetaShift,56,,configs/sweep_metashift_purity1.0_seed0/459.yaml,toilet(bottle),toilet(pipe),0.0,0.5,0.5,0.9173650582631429,55.041903495788574
CCDiff-MetaShift,55,,configs/sweep_metashift_purity1.0_seed0/460.yaml,toilet(window),toilet(toilet paper),0.5,1.0,1.0,0.8933042248090108,53.59825348854065
CCDiff-MetaShift,55,,configs/sweep_metashift_purity1.0_seed0/461.yaml,toilet(lid),toilet(bathtub),0.5,0.5,0.5,0.9102793375651042,54.61676025390625
CCDiff-MetaShift,15,,configs/sweep_metashift_purity1.0_seed0/462.yaml,toilet(lid),toilet(box),0.5,0.5,0.5,0.22373830080032348,13.42429804801941
CCDiff-MetaShift,55,,configs/sweep_metashift_purity1.0_seed0/463.yaml,toilet(faucet),toilet(towel),0.5,0.5,0.5,0.9023550073305766,54.141300439834595
CCDiff-MetaShift,54,,configs/sweep_metashift_purity1.0_seed0/464.yaml,soap(mirror),soap(sink),0.0,0.5,0.5,0.8791258414586385,52.74755048751831
CCDiff-MetaShift,54,,configs/sweep_metashift_purity1.0_seed0/465.yaml,soap(faucet),soap(towel),0.5,0.5,0.5,0.8966288487116496,53.797730922698975
CCDiff-MetaShift,5,,configs/sweep_metashift_purity1.0_seed0/466.yaml,soap(mirror),soap(faucet),0.0,0.0,0.0,0.07019352912902832,4.211611747741699
CCDiff-MetaShift,36,,configs/sweep_metashift_purity1.0_seed0/467.yaml,soap(sink),soap(towel),0.5,0.5,0.5,0.5775077104568481,34.65046262741089
CCDiff-MetaShift,5,,configs/sweep_metashift_purity1.0_seed0/468.yaml,soap(mirror),soap(towel),0.0,0.5,0.5,0.06209485133488973,3.725691080093384
CCDiff-MetaShift,56,,configs/sweep_metashift_purity1.0_seed0/469.yaml,outlet(mirror),outlet(wall),0.5,0.5,0.5,0.9144388993581136,54.866333961486816
CCDiff-MetaShift,54,,configs/sweep_metashift_purity1.0_seed0/470.yaml,paper(toilet),paper(desk),0.5,1.0,1.0,0.9022496819496156,54.13498091697693
CCDiff-MetaShift,48,,configs/sweep_metashift_purity1.0_seed0/471.yaml,paper(desk),paper(pole),0.5,0.5,0.5,0.7765509804089864,46.593058824539185
CCDiff-MetaShift,56,,configs/sweep_metashift_purity1.0_seed0/472.yaml,paper(table),paper(bread),0.0,0.5,0.5,0.9101975361506144,54.611852169036865
CCDiff-MetaShift,14,,configs/sweep_metashift_purity1.0_seed0/473.yaml,paper(table),paper(plate),0.0,0.0,0.0,0.22941575050354004,13.764945030212402
CCDiff-MetaShift,6,,configs/sweep_metashift_purity1.0_seed0/474.yaml,paper(toilet),paper(bread),0.0,1.0,1.0,0.07371553977330526,4.422932386398315
CCDiff-MetaShift,55,,configs/sweep_metashift_purity1.0_seed0/475.yaml,sink(mirror),sink(pipe),0.5,0.5,0.5,0.8899827639261881,53.39896583557129
CCDiff-MetaShift,53,,configs/sweep_metashift_purity1.0_seed0/476.yaml,sink(toilet),sink(cup),1.0,1.0,1.0,0.8482866128285725,50.897196769714355
CCDiff-MetaShift,53,,configs/sweep_metashift_purity1.0_seed0/477.yaml,sink(towel),sink(bowl),0.5,0.5,0.5,0.8635575215021769,51.813451290130615
CCDiff-MetaShift,5,,configs/sweep_metashift_purity1.0_seed0/478.yaml,sink(mirror),sink(towel),1.0,1.0,1.0,0.07926887273788452,4.756132364273071
CCDiff-MetaShift,55,,configs/sweep_metashift_purity1.0_seed0/479.yaml,sink(wall),sink(counter),0.0,0.5,0.5,0.8965295275052388,53.79177165031433
CCDiff-MetaShift,58,,configs/sweep_metashift_purity1.0_seed0/480.yaml,floor(pot),floor(desk),0.0,0.5,0.5,0.9368550300598144,56.21130180358887
CCDiff-MetaShift,55,,configs/sweep_metashift_purity1.0_seed0/481.yaml,floor(refrigerator),floor(couch),0.5,0.5,0.5,0.915225374698639,54.913522481918335
CCDiff-MetaShift,56,,configs/sweep_metashift_purity1.0_seed0/482.yaml,floor(cat),floor(book),0.5,0.5,0.5,0.9176392793655396,55.05835676193237
CCDiff-MetaShift,55,,configs/sweep_metashift_purity1.0_seed0/483.yaml,floor(container),floor(can),0.0,0.0,0.0,0.9036565621693928,54.219393730163574
CCDiff-MetaShift,15,,configs/sweep_metashift_purity1.0_seed0/484.yaml,floor(refrigerator),floor(blanket),1.0,1.0,1.0,0.2509593844413757,15.057563066482544
CCDiff-MetaShift,55,,configs/sweep_metashift_purity1.0_seed0/485.yaml,bathroom(towel),bathroom(cabinet),0.5,0.5,0.5,0.8915604074796041,53.493624448776245
CCDiff-MetaShift,44,,configs/sweep_metashift_purity1.0_seed0/486.yaml,bathroom(cabinet),bathroom(toilet paper),0.0,0.5,0.5,0.7017462372779846,42.10477423667908
CCDiff-MetaShift,5,,configs/sweep_metashift_purity1.0_seed0/487.yaml,bathroom(towel),bathroom(toilet paper),0.0,0.0,0.0,0.07705710728963217,4.62342643737793
CCDiff-MetaShift,45,,configs/sweep_metashift_purity1.0_seed0/488.yaml,bathroom(curtain),bathroom(toilet paper),0.5,0.5,0.5,0.7424603660901388,44.547621965408325
CCDiff-MetaShift,15,,configs/sweep_metashift_purity1.0_seed0/489.yaml,bathroom(towel),bathroom(trash can),0.0,0.0,0.0,0.24242148796717325,14.545289278030396
CCDiff-MetaShift,55,,configs/sweep_metashift_purity1.0_seed0/490.yaml,drawer(sink),drawer(counter),0.5,0.5,0.5,0.889611820379893,53.37670922279358
CCDiff-MetaShift,59,,configs/sweep_metashift_purity1.0_seed0/491.yaml,drawer(desk),drawer(bottle),0.0,0.0,0.0,0.9635092536608378,57.81055521965027
CCDiff-MetaShift,48,,configs/sweep_metashift_purity1.0_seed0/492.yaml,drawer(bottle),drawer(chair),0.0,0.0,0.0,0.7777679045995076,46.66607427597046
CCDiff-MetaShift,17,,configs/sweep_metashift_purity1.0_seed0/493.yaml,drawer(desk),drawer(oven),0.0,0.0,0.0,0.2727983037630717,16.3678982257843
CCDiff-MetaShift,57,,configs/sweep_metashift_purity1.0_seed0/494.yaml,drawer(towel),drawer(refrigerator),0.0,0.0,0.0,0.9317612210909526,55.90567326545715
CCDiff-MetaShift,56,,configs/sweep_metashift_purity1.0_seed0/495.yaml,pavement(fence),pavement(skateboard),0.0,0.0,0.0,0.923847762743632,55.43086576461792
CCDiff-MetaShift,58,,configs/sweep_metashift_purity1.0_seed0/496.yaml,pavement(car),pavement(person),1.0,1.0,1.0,0.942552371819814,56.55314230918884
CCDiff-MetaShift,5,,configs/sweep_metashift_purity1.0_seed0/497.yaml,pavement(car),pavement(skateboard),0.0,1.0,1.0,0.07207576036453248,4.324545621871948
CCDiff-MetaShift,48,,configs/sweep_metashift_purity1.0_seed0/498.yaml,pavement(person),pavement(people),0.5,0.5,0.5,0.8001479784647624,48.00887870788574
CCDiff-MetaShift,16,,configs/sweep_metashift_purity1.0_seed0/499.yaml,pavement(person),pavement(man),0.5,0.5,0.5,0.24730773369471232,14.83846402168274
CCDiff-MetaShift,58,,configs/sweep_metashift_purity1.0_seed0/500.yaml,house(woman),house(bushes),0.0,0.0,0.0,0.944018292427063,56.64109754562378
CCDiff-MetaShift,55,,configs/sweep_metashift_purity1.0_seed0/501.yaml,house(tree),house(people),0.0,0.0,0.0,0.9055165886878968,54.33099532127381
CCDiff-MetaShift,46,,configs/sweep_metashift_purity1.0_seed0/502.yaml,house(boat),house(bushes),0.5,1.0,1.0,0.7724708477656047,46.34825086593628
CCDiff-MetaShift,57,,configs/sweep_metashift_purity1.0_seed0/503.yaml,house(person),house(water),0.0,0.0,0.0,0.9295623858769736,55.77374315261841
CCDiff-MetaShift,48,,configs/sweep_metashift_purity1.0_seed0/504.yaml,house(truck),house(people),0.5,1.0,1.0,0.7828237692515055,46.96942615509033
CCDiff-MetaShift,58,,configs/sweep_metashift_purity1.0_seed0/505.yaml,arrow(sign),arrow(street sign),0.5,0.5,0.5,0.9620266238848368,57.72159743309021
CCDiff-MetaShift,56,,configs/sweep_metashift_purity1.0_seed0/506.yaml,box(counter),box(television),0.0,0.5,0.5,0.9089842200279236,54.539053201675415
CCDiff-MetaShift,60,,configs/sweep_metashift_purity1.0_seed0/507.yaml,box(plate),box(food),0.0,0.0,0.0,0.959438713391622,57.566322803497314
CCDiff-MetaShift,59,,configs/sweep_metashift_purity1.0_seed0/508.yaml,box(bag),box(lamp),0.0,0.0,0.0,0.9589030742645264,57.53418445587158
CCDiff-MetaShift,59,,configs/sweep_metashift_purity1.0_seed0/509.yaml,box(screen),box(table),0.5,0.5,0.5,0.9738677302996318,58.432063817977905
CCDiff-MetaShift,57,,configs/sweep_metashift_purity1.0_seed0/510.yaml,box(fence),box(keyboard),0.0,0.0,0.0,0.9391027490297952,56.34616494178772
CCDiff-MetaShift,59,,configs/sweep_metashift_purity1.0_seed0/511.yaml,salad(table),salad(bowl),0.0,0.0,0.0,0.9591419498125712,57.54851698875427
CCDiff-MetaShift,51,,configs/sweep_metashift_purity1.0_seed0/512.yaml,salad(fork),salad(table),0.5,0.5,0.5,0.8202078223228455,49.21246933937073
CCDiff-MetaShift,6,,configs/sweep_metashift_purity1.0_seed0/513.yaml,salad(fork),salad(bowl),0.5,0.5,0.5,0.06844168504079183,4.10650110244751
CCDiff-MetaShift,15,,configs/sweep_metashift_purity1.0_seed0/514.yaml,salad(fork),salad(plate),0.5,0.5,0.5,0.23870983123779296,14.322589874267578
CCDiff-MetaShift,51,,configs/sweep_metashift_purity1.0_seed0/515.yaml,salad(food),salad(plate),0.5,0.5,0.5,0.823628564675649,49.41771388053894
CCDiff-MetaShift,60,,configs/sweep_metashift_purity1.0_seed0/516.yaml,table(apple),table(building),0.5,0.5,0.5,0.9956199526786804,59.737197160720825
CCDiff-MetaShift,56,,configs/sweep_metashift_purity1.0_seed0/517.yaml,table(pillow),table(carpet),0.0,0.5,0.5,0.9165546973546346,54.99328184127808
CCDiff-MetaShift,49,,configs/sweep_metashift_purity1.0_seed0/518.yaml,table(backpack),table(carpet),0.0,0.0,0.0,0.79991162220637,47.9946973323822
CCDiff-MetaShift,61,,configs/sweep_metashift_purity1.0_seed0/519.yaml,table(clock),table(girl),0.0,0.5,0.5,0.9791912198066712,58.75147318840027
CCDiff-MetaShift,60,,configs/sweep_metashift_purity1.0_seed0/520.yaml,table(person),table(books),1.0,1.0,1.0,0.970006771882375,58.200406312942505
CCDiff-MetaShift,54,,configs/sweep_metashift_purity1.0_seed0/521.yaml,lettuce(meat),lettuce(sandwich),0.0,0.5,0.5,0.8963161667188009,53.77897000312805
CCDiff-MetaShift,49,,configs/sweep_metashift_purity1.0_seed0/522.yaml,lettuce(fork),lettuce(sandwich),0.5,0.5,0.5,0.8037119309107462,48.222715854644775
CCDiff-MetaShift,61,,configs/sweep_metashift_purity1.0_seed0/523.yaml,lettuce(tomato),lettuce(bread),0.0,0.5,0.5,0.9571956435839336,57.43173861503601
CCDiff-MetaShift,48,,configs/sweep_metashift_purity1.0_seed0/524.yaml,lettuce(cheese),lettuce(meat),0.0,0.5,0.5,0.7622157812118531,45.73294687271118
CCDiff-MetaShift,59,,configs/sweep_metashift_purity1.0_seed0/525.yaml,lettuce(food),lettuce(plate),0.5,0.5,0.5,0.9732679605484008,58.39607763290405
CCDiff-MetaShift,58,,configs/sweep_metashift_purity1.0_seed0/526.yaml,apple(orange),apple(fruit),0.5,0.5,0.5,0.9405893921852112,56.43536353111267
CCDiff-MetaShift,16,,configs/sweep_metashift_purity1.0_seed0/527.yaml,apple(orange),apple(bowl),0.5,0.5,0.5,0.2434653798739115,14.607922792434692
CCDiff-MetaShift,16,,configs/sweep_metashift_purity1.0_seed0/528.yaml,apple(orange),apple(banana),0.5,0.5,0.5,0.25862302382787067,15.51738142967224
CCDiff-MetaShift,39,,configs/sweep_metashift_purity1.0_seed0/529.yaml,apple(banana),apple(fruit),0.0,0.5,0.5,0.6271990180015564,37.631941080093384
CCDiff-MetaShift,51,,configs/sweep_metashift_purity1.0_seed0/530.yaml,apple(table),apple(banana),0.5,0.5,0.5,0.8395977854728699,50.37586712837219
CCDiff-MetaShift,63,,configs/sweep_metashift_purity1.0_seed0/531.yaml,giraffe(ground),giraffe(bushes),0.5,0.5,0.5,1.0189327518145244,61.13596510887146
CCDiff-MetaShift,50,,configs/sweep_metashift_purity1.0_seed0/532.yaml,giraffe(bushes),giraffe(branches),0.5,0.5,0.5,0.8149466991424561,48.89680194854736
CCDiff-MetaShift,59,,configs/sweep_metashift_purity1.0_seed0/533.yaml,giraffe(tree),giraffe(dirt),0.5,0.5,0.5,0.972492508093516,58.34955048561096
CCDiff-MetaShift,54,,configs/sweep_metashift_purity1.0_seed0/534.yaml,giraffe(zebra),giraffe(branches),0.5,0.5,0.5,0.8852101643880208,53.11260986328125
CCDiff-MetaShift,63,,configs/sweep_metashift_purity1.0_seed0/535.yaml,giraffe(fence),giraffe(rocks),0.5,0.5,0.5,1.0311112483342488,61.86667490005493
CCDiff-MetaShift,57,,configs/sweep_metashift_purity1.0_seed0/536.yaml,boat(water),boat(bird),1.0,1.0,1.0,0.93992440700531,56.3954644203186
CCDiff-MetaShift,58,,configs/sweep_metashift_purity1.0_seed0/537.yaml,boat(people),boat(person),0.5,1.0,1.0,0.9392199873924256,56.35319924354553
CCDiff-MetaShift,57,,configs/sweep_metashift_purity1.0_seed0/538.yaml,boat(building),boat(umbrella),1.0,1.0,1.0,0.947272002696991,56.83632016181946
CCDiff-MetaShift,15,,configs/sweep_metashift_purity1.0_seed0/539.yaml,boat(building),boat(trees),1.0,1.0,1.0,0.22411089340845744,13.446653604507446
CCDiff-MetaShift,48,,configs/sweep_metashift_purity1.0_seed0/540.yaml,boat(man),boat(bird),0.5,1.0,1.0,0.7929051438967387,47.57430863380432
CCDiff-MetaShift,60,,configs/sweep_metashift_purity1.0_seed0/541.yaml,purse(man),purse(woman),0.0,0.0,0.0,0.9869586666425068,59.217519998550415
CCDiff-MetaShift,57,,configs/sweep_metashift_purity1.0_seed0/542.yaml,purse(girl),purse(umbrella),0.0,0.0,0.0,0.9437589128812154,56.625534772872925
CCDiff-MetaShift,47,,configs/sweep_metashift_purity1.0_seed0/543.yaml,purse(woman),purse(bag),0.0,0.0,0.0,0.7743972142537435,46.46383285522461
CCDiff-MetaShift,6,,configs/sweep_metashift_purity1.0_seed0/544.yaml,purse(woman),purse(girl),0.0,0.0,0.0,0.07266459465026856,4.359875679016113
CCDiff-MetaShift,5,,configs/sweep_metashift_purity1.0_seed0/545.yaml,purse(woman),purse(umbrella),0.0,0.0,0.0,0.06130465269088745,3.678279161453247
CCDiff-MetaShift,61,,configs/sweep_metashift_purity1.0_seed0/546.yaml,lady(shorts),lady(girl),0.0,0.0,0.0,1.00458212296168,60.274927377700806
CCDiff-MetaShift,59,,configs/sweep_metashift_purity1.0_seed0/547.yaml,lady(woman),lady(glasses),0.0,0.0,0.0,0.9646689136823018,57.88013482093811
CCDiff-MetaShift,59,,configs/sweep_metashift_purity1.0_seed0/548.yaml,lady(shoes),lady(plate),0.0,0.0,0.0,0.9571145892143248,57.4268753528595
CCDiff-MetaShift,51,,configs/sweep_metashift_purity1.0_seed0/549.yaml,lady(ground),lady(plate),0.0,0.0,0.0,0.8136219461758931,48.81731677055359
CCDiff-MetaShift,58,,configs/sweep_metashift_purity1.0_seed0/550.yaml,lady(umbrella),lady(coat),0.5,0.5,0.5,0.9611660480499268,57.669962882995605
CCDiff-MetaShift,59,,configs/sweep_metashift_purity1.0_seed0/551.yaml,rope(man),rope(fence),0.0,0.5,0.5,0.9476660410563152,56.859962463378906
CCDiff-MetaShift,58,,configs/sweep_metashift_purity1.0_seed0/552.yaml,rope(boat),rope(woman),0.5,0.5,0.5,0.9407531102498372,56.445186614990234
CCDiff-MetaShift,5,,configs/sweep_metashift_purity1.0_seed0/553.yaml,rope(boat),rope(man),0.0,0.5,0.5,0.06854181289672852,4.112508773803711
CCDiff-MetaShift,58,,configs/sweep_metashift_purity1.0_seed0/554.yaml,rope(people),rope(pole),0.0,0.0,0.0,0.9411593278249104,56.46955966949463
CCDiff-MetaShift,6,,configs/sweep_metashift_purity1.0_seed0/555.yaml,rope(man),rope(pole),0.5,0.5,0.5,0.07468856970469157,4.481314182281494
CCDiff-MetaShift,55,,configs/sweep_metashift_purity1.0_seed0/556.yaml,buildings(train),buildings(fence),0.5,1.0,1.0,0.9073488394419352,54.44093036651611
CCDiff-MetaShift,46,,configs/sweep_metashift_purity1.0_seed0/557.yaml,buildings(fence),buildings(bus),0.0,0.0,0.0,0.7587798913319905,45.526793479919434
CCDiff-MetaShift,15,,configs/sweep_metashift_purity1.0_seed0/558.yaml,buildings(train),buildings(trees),1.0,1.0,1.0,0.2395281036694845,14.371686220169067
CCDiff-MetaShift,48,,configs/sweep_metashift_purity1.0_seed0/559.yaml,buildings(sky),buildings(train),0.0,0.0,0.0,0.7899432460467021,47.39659476280213
CCDiff-MetaShift,49,,configs/sweep_metashift_purity1.0_seed0/560.yaml,buildings(car),buildings(train),0.5,0.5,0.5,0.7768547137578329,46.61128282546997
CCDiff-MetaShift,60,,configs/sweep_metashift_purity1.0_seed0/561.yaml,sidewalk(dog),sidewalk(cars),0.5,0.5,0.5,0.993897314866384,59.63383889198303
CCDiff-MetaShift,58,,configs/sweep_metashift_purity1.0_seed0/562.yaml,sidewalk(people),sidewalk(child),0.5,1.0,1.0,0.9508402983347576,57.05041790008545
CCDiff-MetaShift,16,,configs/sweep_metashift_purity1.0_seed0/563.yaml,sidewalk(dog),sidewalk(suv),0.5,1.0,1.0,0.25029354890187583,15.017612934112549
CCDiff-MetaShift,59,,configs/sweep_metashift_purity1.0_seed0/564.yaml,sidewalk(truck),sidewalk(bus),1.0,1.0,1.0,0.9669031182924906,58.01418709754944
CCDiff-MetaShift,57,,configs/sweep_metashift_purity1.0_seed0/565.yaml,sidewalk(woman),sidewalk(boy),0.0,0.5,0.5,0.9286858876546225,55.721153259277344
CCDiff-MetaShift,58,,configs/sweep_metashift_purity1.0_seed0/566.yaml,bird(grass),bird(branch),1.0,1.0,1.0,0.9371644973754882,56.2298698425293
CCDiff-MetaShift,14,,configs/sweep_metashift_purity1.0_seed0/567.yaml,bird(grass),bird(building),0.5,1.0,1.0,0.20866314172744752,12.51978850364685
CCDiff-MetaShift,58,,configs/sweep_metashift_purity1.0_seed0/568.yaml,bird(boat),bird(rock),1.0,1.0,1.0,0.9322670896848044,55.93602538108826
CCDiff-MetaShift,47,,configs/sweep_metashift_purity1.0_seed0/569.yaml,bird(wall),bird(building),0.0,0.5,0.5,0.7867530624071757,47.20518374443054
CCDiff-MetaShift,45,,configs/sweep_metashift_purity1.0_seed0/570.yaml,bird(water),bird(boat),1.0,1.0,1.0,0.7464381138483683,44.7862868309021
CCDiff-MetaShift,58,,configs/sweep_metashift_purity1.0_seed0/571.yaml,palm tree(person),palm tree(man),0.0,0.0,0.0,0.9250742514928182,55.50445508956909
CCDiff-MetaShift,47,,configs/sweep_metashift_purity1.0_seed0/572.yaml,palm tree(man),palm tree(building),0.0,0.0,0.0,0.7819797595342001,46.918785572052
CCDiff-MetaShift,50,,configs/sweep_metashift_purity1.0_seed0/573.yaml,palm tree(sky),palm tree(man),0.0,0.0,0.0,0.8068868438402812,48.41321063041687
CCDiff-MetaShift,5,,configs/sweep_metashift_purity1.0_seed0/574.yaml,palm tree(sky),palm tree(building),0.0,0.0,0.0,0.07160016695658365,4.2960100173950195
CCDiff-MetaShift,6,,configs/sweep_metashift_purity1.0_seed0/575.yaml,palm tree(person),palm tree(building),0.5,0.5,0.5,0.07905913988749186,4.743548393249512
CCDiff-MetaShift,59,,configs/sweep_metashift_purity1.0_seed0/576.yaml,kite(water),kite(sand),0.5,0.5,0.5,0.9550950566927592,57.30570340156555
CCDiff-MetaShift,49,,configs/sweep_metashift_purity1.0_seed0/577.yaml,kite(girl),kite(water),1.0,1.0,1.0,0.7889803091684977,47.33881855010986
CCDiff-MetaShift,58,,configs/sweep_metashift_purity1.0_seed0/578.yaml,kite(person),kite(ground),0.5,0.5,0.5,0.9451894561449686,56.71136736869812
CCDiff-MetaShift,45,,configs/sweep_metashift_purity1.0_seed0/579.yaml,kite(people),kite(sand),1.0,1.0,1.0,0.7608613133430481,45.651678800582886
CCDiff-MetaShift,47,,configs/sweep_metashift_purity1.0_seed0/580.yaml,kite(sky),kite(people),0.0,0.0,0.0,0.7757312377293905,46.54387426376343
CCDiff-MetaShift,58,,configs/sweep_metashift_purity1.0_seed0/581.yaml,motorcycle(people),motorcycle(person),1.0,1.0,1.0,0.948679268360138,56.92075610160827
CCDiff-MetaShift,56,,configs/sweep_metashift_purity1.0_seed0/582.yaml,motorcycle(fence),motorcycle(bike),0.5,1.0,1.0,0.9138140400250752,54.82884240150452
CCDiff-MetaShift,49,,configs/sweep_metashift_purity1.0_seed0/583.yaml,motorcycle(person),motorcycle(mirror),0.5,0.5,0.5,0.7938736399014791,47.632418394088745
CCDiff-MetaShift,16,,configs/sweep_metashift_purity1.0_seed0/584.yaml,motorcycle(people),motorcycle(wall),0.5,0.5,0.5,0.2552833278973897,15.316999673843384
CCDiff-MetaShift,37,,configs/sweep_metashift_purity1.0_seed0/585.yaml,motorcycle(wall),motorcycle(bike),0.5,0.5,0.5,0.6090939998626709,36.545639991760254
CCDiff-MetaShift,60,,configs/sweep_metashift_purity1.0_seed0/586.yaml,jacket(chair),jacket(bench),0.0,0.0,0.0,0.9742842435836792,58.45705461502075
CCDiff-MetaShift,48,,configs/sweep_metashift_purity1.0_seed0/587.yaml,jacket(shirt),jacket(bench),0.0,0.0,0.0,0.7817728797594706,46.90637278556824
CCDiff-MetaShift,5,,configs/sweep_metashift_purity1.0_seed0/588.yaml,jacket(shirt),jacket(chair),0.0,0.0,0.0,0.060577138264973955,3.6346282958984375
CCDiff-MetaShift,58,,configs/sweep_metashift_purity1.0_seed0/589.yaml,street light(train),street light(bus),0.0,0.5,0.5,0.915174639225006,54.910478353500366
CCDiff-MetaShift,60,,configs/sweep_metashift_purity1.0_seed0/590.yaml,street light(wall),street light(car),0.0,0.5,0.5,0.9857269803682964,59.14361882209778
CCDiff-MetaShift,48,,configs/sweep_metashift_purity1.0_seed0/591.yaml,street light(tree),street light(bus),0.5,0.5,0.5,0.78705206712087,47.2231240272522
CCDiff-MetaShift,49,,configs/sweep_metashift_purity1.0_seed0/592.yaml,street light(building),street light(bus),0.0,0.0,0.0,0.791149353981018,47.46896123886109
CCDiff-MetaShift,49,,configs/sweep_metashift_purity1.0_seed0/593.yaml,street light(man),street light(wall),0.5,0.5,0.5,0.8084246397018433,48.50547838211059
CCDiff-MetaShift,60,,configs/sweep_metashift_purity1.0_seed0/594.yaml,woman(stroller),woman(traffic light),0.0,0.5,0.5,0.985409963130951,59.124597787857056
CCDiff-MetaShift,61,,configs/sweep_metashift_purity1.0_seed0/595.yaml,woman(socks),woman(bed),0.0,0.0,0.0,0.9816115260124206,58.89669156074524
CCDiff-MetaShift,60,,configs/sweep_metashift_purity1.0_seed0/596.yaml,woman(wristband),woman(tray),0.5,0.5,0.5,0.974669853846232,58.480191230773926
CCDiff-MetaShift,58,,configs/sweep_metashift_purity1.0_seed0/597.yaml,woman(pot),woman(television),0.5,0.5,0.5,0.9574168602625528,57.445011615753174
CCDiff-MetaShift,57,,configs/sweep_metashift_purity1.0_seed0/598.yaml,woman(tree),woman(platform),0.0,0.0,0.0,0.9346511801083882,56.079070806503296
CCDiff-MetaShift,59,,configs/sweep_metashift_purity1.0_seed0/599.yaml,net(player),net(people),0.5,0.5,0.5,0.969790804386139,58.187448263168335
CCDiff-MetaShift,48,,configs/sweep_metashift_purity1.0_seed0/600.yaml,net(man),net(people),0.5,1.0,1.0,0.7859289606412252,47.15573763847351
CCDiff-MetaShift,6,,configs/sweep_metashift_purity1.0_seed0/601.yaml,net(man),net(player),0.5,1.0,1.0,0.06486481825510661,3.891889095306397
CCDiff-MetaShift,61,,configs/sweep_metashift_purity1.0_seed0/602.yaml,racket(spectators),racket(girl),0.5,0.5,0.5,0.9998406489690144,59.99043893814087
CCDiff-MetaShift,60,,configs/sweep_metashift_purity1.0_seed0/603.yaml,racket(ball),racket(people),0.5,0.5,0.5,0.978338646888733,58.700318813323975
CCDiff-MetaShift,51,,configs/sweep_metashift_purity1.0_seed0/604.yaml,racket(tennis ball),racket(spectators),1.0,1.0,1.0,0.8261398792266845,49.568392753601074
CCDiff-MetaShift,50,,configs/sweep_metashift_purity1.0_seed0/605.yaml,racket(chair),racket(girl),0.0,0.0,0.0,0.8271639943122864,49.62983965873718
CCDiff-MetaShift,50,,configs/sweep_metashift_purity1.0_seed0/606.yaml,racket(person),racket(spectators),0.5,1.0,1.0,0.8126923720041911,48.761542320251465
CCDiff-MetaShift,61,,configs/sweep_metashift_purity1.0_seed0/607.yaml,couple(man),couple(shirt),1.0,1.0,1.0,0.9993919173876444,59.96351504325867
CCDiff-MetaShift,54,,configs/sweep_metashift_purity1.0_seed0/608.yaml,gravel(train),gravel(train tracks),0.0,0.5,0.5,0.8916596333185832,53.49957799911499
CCDiff-MetaShift,60,,configs/sweep_metashift_purity1.0_seed0/609.yaml,horse(carriage),horse(grass),1.0,1.0,1.0,0.970262865225474,58.21577191352844
CCDiff-MetaShift,59,,configs/sweep_metashift_purity1.0_seed0/610.yaml,horse(person),horse(woman),0.5,1.0,1.0,0.9496271332105,56.977627992630005
CCDiff-MetaShift,47,,configs/sweep_metashift_purity1.0_seed0/611.yaml,horse(woman),horse(wall),1.0,1.0,1.0,0.7713327010472616,46.27996206283569
CCDiff-MetaShift,15,,configs/sweep_metashift_purity1.0_seed0/612.yaml,horse(person),horse(dirt),0.5,0.5,0.5,0.24287439584732057,14.572463750839232
CCDiff-MetaShift,45,,configs/sweep_metashift_purity1.0_seed0/613.yaml,horse(water),horse(dirt),1.0,1.0,1.0,0.7561063488324483,45.3663809299469
CCDiff-MetaShift,59,,configs/sweep_metashift_purity1.0_seed0/614.yaml,cart(man),cart(person),0.5,1.0,1.0,0.9605832894643148,57.63499736785889
CCDiff-MetaShift,59,,configs/sweep_metashift_purity1.0_seed0/615.yaml,seat(chair),seat(bag),0.0,0.5,0.5,0.9677159667015076,58.062958002090454
CCDiff-MetaShift,58,,configs/sweep_metashift_purity1.0_seed0/616.yaml,seat(man),seat(motorcycle),0.0,0.5,0.5,0.9573388497034708,57.44033098220825
CCDiff-MetaShift,7,,configs/sweep_metashift_purity1.0_seed0/617.yaml,seat(man),seat(chair),0.0,0.5,0.5,0.07008103529612224,4.204862117767334
CCDiff-MetaShift,46,,configs/sweep_metashift_purity1.0_seed0/618.yaml,seat(motorcycle),seat(bike),0.0,0.5,0.5,0.7578365166982015,45.47019100189209
CCDiff-MetaShift,49,,configs/sweep_metashift_purity1.0_seed0/619.yaml,seat(bench),seat(chair),1.0,1.0,1.0,0.7958870172500611,47.75322103500366
CCDiff-MetaShift,56,,configs/sweep_metashift_purity1.0_seed0/620.yaml,pipe(sink),pipe(toilet),0.0,0.5,0.5,0.9180813511212668,55.084881067276
CCDiff-MetaShift,46,,configs/sweep_metashift_purity1.0_seed0/621.yaml,pipe(wall),pipe(toilet),0.0,0.0,0.0,0.7582953333854675,45.49772000312805
CCDiff-MetaShift,4,,configs/sweep_metashift_purity1.0_seed0/622.yaml,pipe(wall),pipe(sink),0.0,0.0,0.0,0.06439230044682821,3.863538026809693
CCDiff-MetaShift,50,,configs/sweep_metashift_purity1.0_seed0/623.yaml,pipe(building),pipe(sink),0.0,0.0,0.0,0.7991090854008992,47.946545124053955
CCDiff-MetaShift,5,,configs/sweep_metashift_purity1.0_seed0/624.yaml,pipe(building),pipe(toilet),0.0,0.0,0.0,0.0707219401995341,4.243316411972046
CCDiff-MetaShift,62,,configs/sweep_metashift_purity1.0_seed0/625.yaml,clock(people),clock(picture),0.5,0.5,0.5,1.0132495085398356,60.79497051239014
CCDiff-MetaShift,58,,configs/sweep_metashift_purity1.0_seed0/626.yaml,clock(ceiling),clock(pillow),1.0,1.0,1.0,0.96070605913798,57.64236354827881
CCDiff-MetaShift,60,,configs/sweep_metashift_purity1.0_seed0/627.yaml,clock(chair),clock(shelf),0.0,0.5,0.5,0.9833542863527934,59.0012571811676
CCDiff-MetaShift,58,,configs/sweep_metashift_purity1.0_seed0/628.yaml,clock(sign),clock(clock tower),0.0,0.0,0.0,0.952067510286967,57.12405061721802
CCDiff-MetaShift,16,,configs/sweep_metashift_purity1.0_seed0/629.yaml,clock(sign),clock(bench),0.5,0.5,0.5,0.2610864043235779,15.665184259414673
CCDiff-MetaShift,60,,configs/sweep_metashift_purity1.0_seed0/630.yaml,pizza(cup),pizza(pan),0.0,0.0,0.0,0.976223882039388,58.57343292236328
CCDiff-MetaShift,60,,configs/sweep_metashift_purity1.0_seed0/631.yaml,pizza(pepperoni),pizza(olive),0.0,1.0,1.0,0.9753375172615052,58.52025103569031
CCDiff-MetaShift,59,,configs/sweep_metashift_purity1.0_seed0/632.yaml,pizza(man),pizza(knife),1.0,1.0,1.0,0.96293572584788,57.7761435508728
CCDiff-MetaShift,5,,configs/sweep_metashift_purity1.0_seed0/633.yaml,pizza(cup),pizza(pepperoni),0.0,0.0,0.0,0.0739322304725647,4.435933828353882
CCDiff-MetaShift,60,,configs/sweep_metashift_purity1.0_seed0/634.yaml,pizza(chair),pizza(food),0.0,0.0,0.0,0.9919067899386088,59.51440739631653
CCDiff-MetaShift,58,,configs/sweep_metashift_purity1.0_seed0/635.yaml,number(window),number(sign),0.0,0.0,0.0,0.9480152209599813,56.88091325759888
CCDiff-MetaShift,58,,configs/sweep_metashift_purity1.0_seed0/636.yaml,number(bike),number(clock),0.0,0.5,0.5,0.9672040502230328,58.03224301338196
CCDiff-MetaShift,17,,configs/sweep_metashift_purity1.0_seed0/637.yaml,number(window),number(wall),0.0,0.0,0.0,0.25953735907872516,15.57224154472351
CCDiff-MetaShift,4,,configs/sweep_metashift_purity1.0_seed0/638.yaml,number(window),number(clock),0.0,0.0,0.0,0.05934578975041707,3.5607473850250244
CCDiff-MetaShift,4,,configs/sweep_metashift_purity1.0_seed0/639.yaml,number(window),number(bike),0.0,0.0,0.0,0.06018979946772258,3.6113879680633545
CCDiff-MetaShift,60,,configs/sweep_metashift_purity1.0_seed0/640.yaml,vegetables(broccoli),vegetables(plate),0.5,0.5,0.5,0.9812410314877829,58.87446188926697
CCDiff-MetaShift,51,,configs/sweep_metashift_purity1.0_seed0/641.yaml,vegetables(food),vegetables(broccoli),0.5,0.5,0.5,0.8547033349672953,51.28220009803772
CCDiff-MetaShift,18,,configs/sweep_metashift_purity1.0_seed0/642.yaml,vegetables(food),vegetables(bowl),0.5,0.5,0.5,0.2714283029238383,16.285698175430298
CCDiff-MetaShift,49,,configs/sweep_metashift_purity1.0_seed0/643.yaml,vegetables(bowl),vegetables(carrots),0.5,0.5,0.5,0.8111708720525106,48.670252323150635
CCDiff-MetaShift,50,,configs/sweep_metashift_purity1.0_seed0/644.yaml,vegetables(meat),vegetables(carrots),0.5,0.5,0.5,0.8076898415883382,48.46139049530029
CCDiff-MetaShift,62,,configs/sweep_metashift_purity1.0_seed0/645.yaml,glasses(umbrella),glasses(bench),0.5,0.5,0.5,0.978911582628886,58.734694957733154
CCDiff-MetaShift,58,,configs/sweep_metashift_purity1.0_seed0/646.yaml,glasses(pizza),glasses(wine),0.5,0.5,0.5,0.9657811045646668,57.946866273880005
CCDiff-MetaShift,59,,configs/sweep_metashift_purity1.0_seed0/647.yaml,glasses(counter),glasses(child),0.0,0.0,0.0,0.9774656097094218,58.64793658256531
CCDiff-MetaShift,59,,configs/sweep_metashift_purity1.0_seed0/648.yaml,glasses(food),glasses(knife),0.0,0.0,0.0,0.9820968310038248,58.92580986022949
CCDiff-MetaShift,60,,configs/sweep_metashift_purity1.0_seed0/649.yaml,glasses(lady),glasses(guy),0.0,0.0,0.0,0.9989292899767558,59.93575739860535
CCDiff-MetaShift,73,,configs/sweep_metashift_purity1.0_seed0/650.yaml,bottle(person),bottle(liquid),0.0,0.0,0.0,1.1982332865397136,71.89399719238281
CCDiff-MetaShift,57,,configs/sweep_metashift_purity1.0_seed0/651.yaml,bottle(cabinet),bottle(girl),0.0,0.0,0.0,0.9460715770721436,56.76429462432861
CCDiff-MetaShift,61,,configs/sweep_metashift_purity1.0_seed0/652.yaml,bottle(spoon),bottle(cell phone),0.0,0.0,0.0,0.9974671165148418,59.8480269908905
CCDiff-MetaShift,57,,configs/sweep_metashift_purity1.0_seed0/653.yaml,bottle(food),bottle(towel),0.0,0.0,0.0,0.9295018076896668,55.770108461380005
CCDiff-MetaShift,58,,configs/sweep_metashift_purity1.0_seed0/654.yaml,bottle(counter),bottle(sink),0.0,0.0,0.0,0.9354945898056032,56.12967538833618
CCDiff-MetaShift,60,,configs/sweep_metashift_purity1.0_seed0/655.yaml,spectator(man),spectator(shirt),0.0,0.0,0.0,0.976335875193278,58.58015251159668
CCDiff-MetaShift,57,,configs/sweep_metashift_purity1.0_seed0/656.yaml,crowd(building),crowd(people),0.5,0.5,0.5,0.9243472139040628,55.460832834243774
CCDiff-MetaShift,47,,configs/sweep_metashift_purity1.0_seed0/657.yaml,crowd(woman),crowd(people),0.0,0.5,0.5,0.7723712007204692,46.34227204322815
CCDiff-MetaShift,48,,configs/sweep_metashift_purity1.0_seed0/658.yaml,crowd(person),crowd(people),0.0,0.0,0.0,0.7826948920885722,46.96169352531433
CCDiff-MetaShift,49,,configs/sweep_metashift_purity1.0_seed0/659.yaml,crowd(man),crowd(woman),0.0,0.5,0.5,0.7778202255566915,46.66921353340149
CCDiff-MetaShift,5,,configs/sweep_metashift_purity1.0_seed0/660.yaml,crowd(person),crowd(man),0.0,0.5,0.5,0.05873419443766277,3.5240516662597656
CCDiff-MetaShift,54,,configs/sweep_metashift_purity1.0_seed0/661.yaml,mountains(snow),mountains(trees),0.5,1.0,1.0,0.8789217511812846,52.735305070877075
CCDiff-MetaShift,14,,configs/sweep_metashift_purity1.0_seed0/662.yaml,mountains(snow),mountains(water),0.5,1.0,1.0,0.22823152542114256,13.693891525268556
CCDiff-MetaShift,45,,configs/sweep_metashift_purity1.0_seed0/663.yaml,mountains(trees),mountains(man),0.0,0.5,0.5,0.7484668135643006,44.90800881385803
CCDiff-MetaShift,46,,configs/sweep_metashift_purity1.0_seed0/664.yaml,mountains(sky),mountains(snow),0.0,0.5,0.5,0.7341654181480408,44.049925088882446
CCDiff-MetaShift,4,,configs/sweep_metashift_purity1.0_seed0/665.yaml,mountains(sky),mountains(water),0.0,1.0,1.0,0.05965523322423299,3.5793139934539795
CCDiff-MetaShift,57,,configs/sweep_metashift_purity1.0_seed0/666.yaml,sheep(tree),sheep(fence),0.0,0.5,0.5,0.9228508830070496,55.371052980422974
CCDiff-MetaShift,15,,configs/sweep_metashift_purity1.0_seed0/667.yaml,sheep(tree),sheep(man),0.5,0.5,0.5,0.2085063934326172,12.510383605957031
CCDiff-MetaShift,45,,configs/sweep_metashift_purity1.0_seed0/668.yaml,sheep(grass),sheep(fence),1.0,1.0,1.0,0.7336443901062012,44.01866340637207
CCDiff-MetaShift,45,,configs/sweep_metashift_purity1.0_seed0/669.yaml,sheep(ground),sheep(man),1.0,1.0,1.0,0.7224282145500183,43.3456928730011
CCDiff-MetaShift,4,,configs/sweep_metashift_purity1.0_seed0/670.yaml,sheep(grass),sheep(man),1.0,1.0,1.0,0.056456490357716875,3.3873894214630127
CCDiff-MetaShift,56,,configs/sweep_metashift_purity1.0_seed0/671.yaml,frosting(plate),frosting(cake),0.0,0.5,0.5,0.931240713596344,55.87444281578064
CCDiff-MetaShift,46,,configs/sweep_metashift_purity1.0_seed0/672.yaml,frosting(cake),frosting(donut),0.0,0.5,0.5,0.7539212147394816,45.2352728843689
CCDiff-MetaShift,4,,configs/sweep_metashift_purity1.0_seed0/673.yaml,frosting(plate),frosting(donut),0.0,0.0,0.0,0.05583145618438721,3.3498873710632324
CCDiff-MetaShift,57,,configs/sweep_metashift_purity1.0_seed0/674.yaml,saucer(plate),saucer(cup),0.5,0.5,0.5,0.9382086316744488,56.29251790046692
CCDiff-MetaShift,46,,configs/sweep_metashift_purity1.0_seed0/675.yaml,saucer(table),saucer(plate),0.0,0.0,0.0,0.7498470664024353,44.99082398414612
CCDiff-MetaShift,5,,configs/sweep_metashift_purity1.0_seed0/676.yaml,saucer(table),saucer(cup),0.0,0.5,0.5,0.05670069058736165,3.402041435241699
CCDiff-MetaShift,54,,configs/sweep_metashift_purity1.0_seed0/677.yaml,sauce(pizza),sauce(meat),0.5,0.5,0.5,0.8812602758407593,52.87561655044556
CCDiff-MetaShift,44,,configs/sweep_metashift_purity1.0_seed0/678.yaml,sauce(cheese),sauce(pizza),0.0,0.0,0.0,0.7166128834088643,42.99677300453186
CCDiff-MetaShift,55,,configs/sweep_metashift_purity1.0_seed0/679.yaml,sauce(plate),sauce(bowl),0.0,0.5,0.5,0.908951445420583,54.537086725234985
CCDiff-MetaShift,45,,configs/sweep_metashift_purity1.0_seed0/680.yaml,sauce(meat),sauce(broccoli),0.0,0.5,0.5,0.7365848342577617,44.1950900554657
CCDiff-MetaShift,14,,configs/sweep_metashift_purity1.0_seed0/681.yaml,sauce(cheese),sauce(food),0.0,0.5,0.5,0.21154040098190308,12.692424058914185
CCDiff-MetaShift,53,,configs/sweep_metashift_purity1.0_seed0/682.yaml,plant(woman),plant(vase),0.0,0.0,0.0,0.8927571058273316,53.56542634963989
CCDiff-MetaShift,55,,configs/sweep_metashift_purity1.0_seed0/683.yaml,plant(chair),plant(wall),0.0,0.0,0.0,0.8920729279518127,53.524375677108765
CCDiff-MetaShift,45,,configs/sweep_metashift_purity1.0_seed0/684.yaml,plant(bowl),plant(wall),0.0,0.0,0.0,0.7282014926274617,43.692089557647705
CCDiff-MetaShift,47,,configs/sweep_metashift_purity1.0_seed0/685.yaml,plant(pot),plant(vase),0.5,0.5,0.5,0.7574685255686442,45.44811153411865
CCDiff-MetaShift,12,,configs/sweep_metashift_purity1.0_seed0/686.yaml,plant(bowl),plant(bench),0.0,0.0,0.0,0.19008001486460369,11.40480089187622
CCDiff-MetaShift,52,,configs/sweep_metashift_purity1.0_seed0/687.yaml,suitcase(woman),suitcase(bag),0.0,0.5,0.5,0.862750240166982,51.76501441001892
CCDiff-MetaShift,44,,configs/sweep_metashift_purity1.0_seed0/688.yaml,suitcase(bag),suitcase(person),0.0,0.5,0.5,0.7120456377665202,42.72273826599121
CCDiff-MetaShift,3,,configs/sweep_metashift_purity1.0_seed0/689.yaml,suitcase(woman),suitcase(person),0.0,0.5,0.5,0.056186902523040774,3.3712141513824463
CCDiff-MetaShift,53,,configs/sweep_metashift_purity1.0_seed0/690.yaml,suitcase(man),suitcase(ground),0.0,0.5,0.5,0.8759684761365255,52.55810856819153
CCDiff-MetaShift,5,,configs/sweep_metashift_purity1.0_seed0/691.yaml,suitcase(bag),suitcase(man),0.5,0.5,0.5,0.05811177094777425,3.486706256866455
CCDiff-MetaShift,53,,configs/sweep_metashift_purity1.0_seed0/692.yaml,carrots(food),carrots(vegetables),0.5,0.5,0.5,0.8595115105311076,51.570690631866455
CCDiff-MetaShift,52,,configs/sweep_metashift_purity1.0_seed0/693.yaml,carrots(table),carrots(plate),0.5,0.5,0.5,0.8527513305346172,51.165079832077026
CCDiff-MetaShift,38,,configs/sweep_metashift_purity1.0_seed0/694.yaml,carrots(plate),carrots(vegetables),0.5,0.5,0.5,0.6345976948738098,38.07586169242859
CCDiff-MetaShift,5,,configs/sweep_metashift_purity1.0_seed0/695.yaml,carrots(food),carrots(table),0.5,0.5,0.5,0.06059608459472656,3.6357650756835938
CCDiff-MetaShift,4,,configs/sweep_metashift_purity1.0_seed0/696.yaml,carrots(food),carrots(plate),0.5,0.5,0.5,0.058615545431772866,3.516932725906372
CCDiff-MetaShift,56,,configs/sweep_metashift_purity1.0_seed0/697.yaml,wine glass(table),wine glass(plate),0.0,0.5,0.5,0.9231735388437908,55.39041233062744
CCDiff-MetaShift,46,,configs/sweep_metashift_purity1.0_seed0/698.yaml,wine glass(plate),wine glass(wine),0.5,0.5,0.5,0.7641504089037577,45.849024534225464
CCDiff-MetaShift,46,,configs/sweep_metashift_purity1.0_seed0/699.yaml,wine glass(man),wine glass(wine),0.0,0.0,0.0,0.7342035253842671,44.05221152305603
CCDiff-MetaShift,4,,configs/sweep_metashift_purity1.0_seed0/700.yaml,wine glass(table),wine glass(man),0.5,0.5,0.5,0.06120161612828572,3.672096967697144
CCDiff-MetaShift,4,,configs/sweep_metashift_purity1.0_seed0/701.yaml,wine glass(plate),wine glass(man),0.5,1.0,1.0,0.0532703161239624,3.196218967437744
CCDiff-MetaShift,54,,configs/sweep_metashift_purity1.0_seed0/702.yaml,cheese(bottle),cheese(pepper),0.0,0.0,0.0,0.892620309193929,53.55721855163574
CCDiff-MetaShift,54,,configs/sweep_metashift_purity1.0_seed0/703.yaml,cheese(food),cheese(napkin),0.5,0.5,0.5,0.8797132889429728,52.78279733657837
CCDiff-MetaShift,13,,configs/sweep_metashift_purity1.0_seed0/704.yaml,cheese(food),cheese(lettuce),0.5,0.5,0.5,0.1838028868039449,11.028173208236694
CCDiff-MetaShift,13,,configs/sweep_metashift_purity1.0_seed0/705.yaml,cheese(food),cheese(bread),0.5,0.5,0.5,0.18945409456888831,11.3672456741333
CCDiff-MetaShift,52,,configs/sweep_metashift_purity1.0_seed0/706.yaml,cheese(plate),cheese(fork),0.0,0.5,0.5,0.8571618437767029,51.42971062660217
CCDiff-MetaShift,59,,configs/sweep_metashift_purity1.0_seed0/707.yaml,zebra(fence),zebra(trees),0.5,1.0,1.0,0.9409903804461162,56.45942282676697
CCDiff-MetaShift,56,,configs/sweep_metashift_purity1.0_seed0/708.yaml,zebra(dirt),zebra(tree),0.0,0.5,0.5,0.9044188181559244,54.26512908935547
CCDiff-MetaShift,55,,configs/sweep_metashift_purity1.0_seed0/709.yaml,zebra(ground),zebra(rocks),0.5,0.5,0.5,0.9077974160512288,54.46784496307373
CCDiff-MetaShift,3,,configs/sweep_metashift_purity1.0_seed0/710.yaml,zebra(fence),zebra(tree),0.5,0.5,0.5,0.05191144545873006,3.1146867275238037
CCDiff-MetaShift,14,,configs/sweep_metashift_purity1.0_seed0/711.yaml,zebra(fence),zebra(bush),0.5,1.0,1.0,0.20970680713653564,12.58240842819214
CCDiff-MetaShift,55,,configs/sweep_metashift_purity1.0_seed0/712.yaml,traffic light(truck),traffic light(cars),0.5,0.5,0.5,0.9003417571385701,54.02050542831421
CCDiff-MetaShift,54,,configs/sweep_metashift_purity1.0_seed0/713.yaml,traffic light(car),traffic light(bus),0.0,0.5,0.5,0.8999985973040263,53.99991583824158
CCDiff-MetaShift,52,,configs/sweep_metashift_purity1.0_seed0/714.yaml,traffic light(people),traffic light(man),0.5,0.5,0.5,0.8464816331863403,50.78889799118042
CCDiff-MetaShift,5,,configs/sweep_metashift_purity1.0_seed0/715.yaml,traffic light(truck),traffic light(man),0.0,0.5,0.5,0.06305712064107259,3.783427238464355
CCDiff-MetaShift,46,,configs/sweep_metashift_purity1.0_seed0/716.yaml,traffic light(sign),traffic light(bus),0.5,0.5,0.5,0.7394826292991639,44.36895775794983
CCDiff-MetaShift,53,,configs/sweep_metashift_purity1.0_seed0/717.yaml,wires(pole),wires(table),0.0,0.5,0.5,0.856842581431071,51.41055488586426
CCDiff-MetaShift,54,,configs/sweep_metashift_purity1.0_seed0/718.yaml,wires(wall),wires(train),0.0,0.0,0.0,0.8824076493581136,52.944458961486816
CCDiff-MetaShift,45,,configs/sweep_metashift_purity1.0_seed0/719.yaml,wires(sky),wires(wall),0.0,0.0,0.0,0.7196016907691956,43.17610144615173
CCDiff-MetaShift,6,,configs/sweep_metashift_purity1.0_seed0/720.yaml,wires(sky),wires(table),0.0,0.0,0.0,0.05687419970830281,3.412451982498169
CCDiff-MetaShift,4,,configs/sweep_metashift_purity1.0_seed0/721.yaml,wires(pole),wires(train),0.0,0.5,0.5,0.05853427251180013,3.512056350708008
CCDiff-MetaShift,55,,configs/sweep_metashift_purity1.0_seed0/722.yaml,cup(plate),cup(pizza),0.5,0.5,0.5,0.8911550680796305,53.46930408477783
CCDiff-MetaShift,53,,configs/sweep_metashift_purity1.0_seed0/723.yaml,cup(man),cup(box),0.0,0.0,0.0,0.8593790332476298,51.56274199485779
CCDiff-MetaShift,13,,configs/sweep_metashift_purity1.0_seed0/724.yaml,cup(man),cup(cake),0.0,0.0,0.0,0.20248281160990397,12.148968696594238
CCDiff-MetaShift,47,,configs/sweep_metashift_purity1.0_seed0/725.yaml,cup(chair),cup(box),0.0,0.0,0.0,0.759482479095459,45.56894874572754
CCDiff-MetaShift,56,,configs/sweep_metashift_purity1.0_seed0/726.yaml,cup(knife),cup(person),0.0,0.0,0.0,0.91524422566096,54.91465353965759
CCDiff-MetaShift,55,,configs/sweep_metashift_purity1.0_seed0/727.yaml,hot dog(table),hot dog(plate),0.5,0.5,0.5,0.8858072757720947,53.14843654632568
CCDiff-MetaShift,47,,configs/sweep_metashift_purity1.0_seed0/728.yaml,hot dog(plate),hot dog(bun),0.5,0.5,0.5,0.7662671327590942,45.976027965545654
CCDiff-MetaShift,5,,configs/sweep_metashift_purity1.0_seed0/729.yaml,hot dog(table),hot dog(bun),0.0,0.0,0.0,0.05822821060816447,3.493692636489868
CCDiff-MetaShift,56,,configs/sweep_metashift_purity1.0_seed0/730.yaml,coffee(cup),coffee(table),0.5,0.5,0.5,0.91940149863561,55.1640899181366
CCDiff-MetaShift,48,,configs/sweep_metashift_purity1.0_seed0/731.yaml,coffee(table),coffee(plate),0.5,0.5,0.5,0.7740740219751994,46.44444131851196
CCDiff-MetaShift,4,,configs/sweep_metashift_purity1.0_seed0/732.yaml,coffee(cup),coffee(plate),0.5,0.5,0.5,0.05691217581431071,3.4147305488586426
CCDiff-MetaShift,52,,configs/sweep_metashift_purity1.0_seed0/733.yaml,computer mouse(monitor),computer mouse(chair),0.5,0.5,0.5,0.8543437639872233,51.2606258392334
CCDiff-MetaShift,56,,configs/sweep_metashift_purity1.0_seed0/734.yaml,computer mouse(computer),computer mouse(laptop),0.0,0.0,0.0,0.9180348555246988,55.082091331481934
CCDiff-MetaShift,57,,configs/sweep_metashift_purity1.0_seed0/735.yaml,computer mouse(phone),computer mouse(cup),0.5,0.5,0.5,0.9272783279418946,55.63669967651367
CCDiff-MetaShift,46,,configs/sweep_metashift_purity1.0_seed0/736.yaml,computer mouse(speaker),computer mouse(laptop),0.5,0.5,0.5,0.7451253612836202,44.70752167701721
CCDiff-MetaShift,5,,configs/sweep_metashift_purity1.0_seed0/737.yaml,computer mouse(speaker),computer mouse(phone),0.0,0.5,0.5,0.05998078584671021,3.5988471508026123
CCDiff-MetaShift,50,,configs/sweep_metashift_purity1.0_seed0/738.yaml,bear(tree),bear(wall),0.5,0.5,0.5,0.8365603009859721,50.193618059158325
CCDiff-MetaShift,49,,configs/sweep_metashift_purity1.0_seed0/739.yaml,bear(shirt),bear(wall),0.0,0.5,0.5,0.8113003373146057,48.67802023887634
CCDiff-MetaShift,48,,configs/sweep_metashift_purity1.0_seed0/740.yaml,bear(wall),bear(grass),0.0,0.0,0.0,0.7764965534210205,46.58979320526123
CCDiff-MetaShift,44,,configs/sweep_metashift_purity1.0_seed0/741.yaml,bear(grass),bear(leaves),0.5,1.0,1.0,0.7097724437713623,42.58634662628174
CCDiff-MetaShift,40,,configs/sweep_metashift_purity1.0_seed0/742.yaml,bear(fur),bear(grass),0.0,0.0,0.0,0.6676812450091044,40.060874700546265
CCDiff-MetaShift,51,,configs/sweep_metashift_purity1.0_seed0/743.yaml,parking meter(car),parking meter(pole),0.5,0.5,0.5,0.8442189653714498,50.65313792228699
CCDiff-MetaShift,55,,configs/sweep_metashift_purity1.0_seed0/744.yaml,frisbee(boy),frisbee(fence),1.0,1.0,1.0,0.9110984683036804,54.665908098220825
CCDiff-MetaShift,55,,configs/sweep_metashift_purity1.0_seed0/745.yaml,frisbee(people),frisbee(girl),1.0,1.0,1.0,0.8871751546859741,53.23050928115845
CCDiff-MetaShift,56,,configs/sweep_metashift_purity1.0_seed0/746.yaml,frisbee(person),frisbee(woman),1.0,1.0,1.0,0.9325582106908162,55.953492641448975
CCDiff-MetaShift,39,,configs/sweep_metashift_purity1.0_seed0/747.yaml,frisbee(fence),frisbee(girl),0.0,0.5,0.5,0.6416059215863545,38.496355295181274
CCDiff-MetaShift,39,,configs/sweep_metashift_purity1.0_seed0/748.yaml,frisbee(woman),frisbee(girl),1.0,1.0,1.0,0.642621370156606,38.55728220939636
CCDiff-MetaShift,55,,configs/sweep_metashift_purity1.0_seed0/749.yaml,player(wall),player(fence),0.5,0.5,0.5,0.8840100089708964,53.040600538253784
CCDiff-MetaShift,52,,configs/sweep_metashift_purity1.0_seed0/750.yaml,player(bat),player(home plate),0.5,1.0,1.0,0.8609416365623475,51.656498193740845
CCDiff-MetaShift,54,,configs/sweep_metashift_purity1.0_seed0/751.yaml,player(player),player(racket),1.0,1.0,1.0,0.8735371708869935,52.4122302532196
CCDiff-MetaShift,54,,configs/sweep_metashift_purity1.0_seed0/752.yaml,player(spectators),player(pants),0.5,1.0,1.0,0.8771689891815185,52.63013935089111
CCDiff-MetaShift,52,,configs/sweep_metashift_purity1.0_seed0/753.yaml,player(ground),player(wristband),0.0,0.0,0.0,0.8601311087608338,51.607866525650024
CCDiff-MetaShift,53,,configs/sweep_metashift_purity1.0_seed0/754.yaml,ball(helmet),ball(girl),0.5,0.5,0.5,0.8625722726186117,51.7543363571167
CCDiff-MetaShift,46,,configs/sweep_metashift_purity1.0_seed0/755.yaml,ball(air),ball(girl),0.5,0.5,0.5,0.7522161126136779,45.13296675682068
CCDiff-MetaShift,13,,configs/sweep_metashift_purity1.0_seed0/756.yaml,ball(helmet),ball(fence),0.5,0.5,0.5,0.1974147121111552,11.844882726669312
CCDiff-MetaShift,47,,configs/sweep_metashift_purity1.0_seed0/757.yaml,ball(player),ball(air),1.0,1.0,1.0,0.7371495008468628,44.22897005081177
CCDiff-MetaShift,45,,configs/sweep_metashift_purity1.0_seed0/758.yaml,ball(fence),ball(chair),0.0,0.0,0.0,0.7368539810180664,44.211238861083984
CCDiff-MetaShift,58,,configs/sweep_metashift_purity1.0_seed0/759.yaml,skateboard(woman),skateboard(bench),0.0,1.0,1.0,0.9324721097946168,55.948326587677
CCDiff-MetaShift,46,,configs/sweep_metashift_purity1.0_seed0/760.yaml,skateboard(fence),skateboard(bench),0.5,0.5,0.5,0.754909873008728,45.29459238052368
CCDiff-MetaShift,56,,configs/sweep_metashift_purity1.0_seed0/761.yaml,skateboard(ground),skateboard(man),0.5,0.5,0.5,0.9008128086725872,54.048768520355225
CCDiff-MetaShift,55,,configs/sweep_metashift_purity1.0_seed0/762.yaml,skateboard(boy),skateboard(people),1.0,1.0,1.0,0.9005611618359883,54.0336697101593
CCDiff-MetaShift,54,,configs/sweep_metashift_purity1.0_seed0/763.yaml,skateboard(guy),skateboard(skateboarder),1.0,1.0,1.0,0.8945690830548604,53.674144983291626
CCDiff-MetaShift,53,,configs/sweep_metashift_purity1.0_seed0/764.yaml,flags(building),flags(people),0.0,0.0,0.0,0.8653146425882975,51.91887855529785
CCDiff-MetaShift,12,,configs/sweep_metashift_purity1.0_seed0/765.yaml,flags(building),flags(man),0.0,0.0,0.0,0.1870214859644572,11.221289157867432
CCDiff-MetaShift,36,,configs/sweep_metashift_purity1.0_seed0/766.yaml,flags(people),flags(man),0.0,0.0,0.0,0.5883664886156718,35.30198931694031
CCDiff-MetaShift,52,,configs/sweep_metashift_purity1.0_seed0/767.yaml,cars(truck),cars(trees),0.0,0.5,0.5,0.8673307140668233,52.0398428440094
CCDiff-MetaShift,53,,configs/sweep_metashift_purity1.0_seed0/768.yaml,cars(fence),cars(woman),0.0,0.0,0.0,0.8569105903307597,51.41463541984558
CCDiff-MetaShift,45,,configs/sweep_metashift_purity1.0_seed0/769.yaml,cars(bus),cars(trees),0.5,1.0,1.0,0.7285977840423584,43.715867042541504
CCDiff-MetaShift,44,,configs/sweep_metashift_purity1.0_seed0/770.yaml,cars(trees),cars(people),0.0,0.0,0.0,0.7186152537663778,43.116915225982666
CCDiff-MetaShift,46,,configs/sweep_metashift_purity1.0_seed0/771.yaml,cars(person),cars(woman),0.0,0.0,0.0,0.7421328465143839,44.52797079086304
CCDiff-MetaShift,55,,configs/sweep_metashift_purity1.0_seed0/772.yaml,frame(picture),frame(clock),0.0,0.5,0.5,0.9070376555124918,54.42225933074951
CCDiff-MetaShift,53,,configs/sweep_metashift_purity1.0_seed0/773.yaml,frame(window),frame(mirror),1.0,1.0,1.0,0.8758050600687662,52.54830360412598
CCDiff-MetaShift,13,,configs/sweep_metashift_purity1.0_seed0/774.yaml,frame(picture),frame(wall),0.0,0.0,0.0,0.19513628482818604,11.708177089691162
CCDiff-MetaShift,38,,configs/sweep_metashift_purity1.0_seed0/775.yaml,frame(wall),frame(mirror),0.0,0.0,0.0,0.6149822155634562,36.89893293380737
CCDiff-MetaShift,37,,configs/sweep_metashift_purity1.0_seed0/776.yaml,frame(mirror),frame(clock),0.5,1.0,1.0,0.6030809640884399,36.1848578453064
CCDiff-MetaShift,56,,configs/sweep_metashift_purity1.0_seed0/777.yaml,napkin(pizza),napkin(tray),0.0,0.5,0.5,0.9146840413411458,54.88104248046875
CCDiff-MetaShift,56,,configs/sweep_metashift_purity1.0_seed0/778.yaml,napkin(food),napkin(glass),0.5,0.5,0.5,0.9116941769917806,54.70165061950683
CCDiff-MetaShift,13,,configs/sweep_metashift_purity1.0_seed0/779.yaml,napkin(food),napkin(fork),0.0,0.5,0.5,0.19977026383082072,11.986215829849243
CCDiff-MetaShift,58,,configs/sweep_metashift_purity1.0_seed0/780.yaml,napkin(cup),napkin(plate),0.0,0.0,0.0,0.9462973912556966,56.7778434753418
CCDiff-MetaShift,38,,configs/sweep_metashift_purity1.0_seed0/781.yaml,napkin(plate),napkin(tray),0.0,0.5,0.5,0.6108296990394593,36.649781942367554
CCDiff-MetaShift,54,,configs/sweep_metashift_purity1.0_seed0/782.yaml,backpack(people),backpack(bench),0.5,0.5,0.5,0.8880817413330078,53.28490447998047
CCDiff-MetaShift,54,,configs/sweep_metashift_purity1.0_seed0/783.yaml,backpack(man),backpack(bike),0.0,0.5,0.5,0.8706044952074686,52.23626971244812
CCDiff-MetaShift,51,,configs/sweep_metashift_purity1.0_seed0/784.yaml,backpack(helmet),backpack(girl),0.0,0.0,0.0,0.8377468268076579,50.26480960845947
CCDiff-MetaShift,56,,configs/sweep_metashift_purity1.0_seed0/785.yaml,backpack(glasses),backpack(ground),0.0,0.0,0.0,0.8914798458417257,53.48879075050354
CCDiff-MetaShift,56,,configs/sweep_metashift_purity1.0_seed0/786.yaml,backpack(table),backpack(car),0.5,1.0,1.0,0.9119237184524536,54.71542310714722
CCDiff-MetaShift,55,,configs/sweep_metashift_purity1.0_seed0/787.yaml,vehicle(car),vehicle(people),1.0,1.0,1.0,0.8701747337977092,52.21048402786255
CCDiff-MetaShift,46,,configs/sweep_metashift_purity1.0_seed0/788.yaml,vehicle(people),vehicle(woman),0.5,0.5,0.5,0.7322525382041931,43.93515229225159
CCDiff-MetaShift,47,,configs/sweep_metashift_purity1.0_seed0/789.yaml,vehicle(truck),vehicle(woman),0.0,1.0,1.0,0.7585343559583028,45.51206135749817
CCDiff-MetaShift,13,,configs/sweep_metashift_purity1.0_seed0/790.yaml,vehicle(people),vehicle(person),0.5,1.0,1.0,0.20159271955490113,12.095563173294067
CCDiff-MetaShift,54,,configs/sweep_metashift_purity1.0_seed0/791.yaml,vehicle(fence),vehicle(bus),0.0,0.0,0.0,0.8814931114514669,52.88958668708801
CCDiff-MetaShift,54,,configs/sweep_metashift_purity1.0_seed0/792.yaml,chimney(house),chimney(man),0.0,0.0,0.0,0.8693350672721862,52.16010403633118
CCDiff-MetaShift,13,,configs/sweep_metashift_purity1.0_seed0/793.yaml,chimney(house),chimney(roof),0.0,0.0,0.0,0.19250772396723428,11.550463438034058
CCDiff-MetaShift,45,,configs/sweep_metashift_purity1.0_seed0/794.yaml,chimney(building),chimney(man),0.0,0.5,0.5,0.7260633309682211,43.56379985809326
CCDiff-MetaShift,4,,configs/sweep_metashift_purity1.0_seed0/795.yaml,chimney(building),chimney(house),0.0,0.5,0.5,0.06058704455693563,3.6352226734161377
CCDiff-MetaShift,5,,configs/sweep_metashift_purity1.0_seed0/796.yaml,chimney(building),chimney(roof),0.0,0.5,0.5,0.05884722868601481,3.5308337211608887
CCDiff-MetaShift,53,,configs/sweep_metashift_purity1.0_seed0/797.yaml,sun(sky),sun(window),0.0,0.0,0.0,0.8707781354586284,52.2466881275177
CCDiff-MetaShift,13,,configs/sweep_metashift_purity1.0_seed0/798.yaml,sun(sky),sun(clouds),0.0,0.0,0.0,0.20547012090682984,12.32820725440979
CCDiff-MetaShift,36,,configs/sweep_metashift_purity1.0_seed0/799.yaml,sun(clouds),sun(window),0.0,0.0,0.0,0.5736444274584452,34.418665647506714
CCDiff-MetaShift,51,,configs/sweep_metashift_purity1.0_seed0/800.yaml,mountain(snow),mountain(person),0.5,0.5,0.5,0.8357230345408122,50.14338207244873
CCDiff-MetaShift,54,,configs/sweep_metashift_purity1.0_seed0/801.yaml,mountain(water),mountain(man),1.0,1.0,1.0,0.8748819390932719,52.49291634559631
CCDiff-MetaShift,53,,configs/sweep_metashift_purity1.0_seed0/802.yaml,mountain(trees),mountain(clouds),0.5,0.5,0.5,0.859112826983134,51.54676961898804
CCDiff-MetaShift,5,,configs/sweep_metashift_purity1.0_seed0/803.yaml,mountain(water),mountain(clouds),0.5,0.5,0.5,0.06197063525517781,3.718238115310669
CCDiff-MetaShift,4,,configs/sweep_metashift_purity1.0_seed0/804.yaml,mountain(trees),mountain(man),0.0,0.0,0.0,0.053948628902435306,3.236917734146118
CCDiff-MetaShift,53,,configs/sweep_metashift_purity1.0_seed0/805.yaml,vegetable(plate),vegetable(table),0.5,1.0,1.0,0.8533693830172221,51.202162981033325
CCDiff-MetaShift,45,,configs/sweep_metashift_purity1.0_seed0/806.yaml,vegetable(food),vegetable(table),0.0,0.5,0.5,0.7265579501787821,43.59347701072693
CCDiff-MetaShift,5,,configs/sweep_metashift_purity1.0_seed0/807.yaml,vegetable(food),vegetable(plate),0.5,0.5,0.5,0.054458149274190265,3.267488956451416
CCDiff-MetaShift,42,,configs/sweep_metashift_purity1.0_seed0/808.yaml,vegetable(broccoli),vegetable(table),0.5,0.5,0.5,0.6913759231567382,41.4825553894043
CCDiff-MetaShift,4,,configs/sweep_metashift_purity1.0_seed0/809.yaml,vegetable(plate),vegetable(broccoli),0.5,0.5,0.5,0.059638325373331705,3.5782995223999023
CCDiff-MetaShift,53,,configs/sweep_metashift_purity1.0_seed0/810.yaml,lid(toilet),lid(container),0.5,0.5,0.5,0.8524749080340067,51.148494482040405
CCDiff-MetaShift,46,,configs/sweep_metashift_purity1.0_seed0/811.yaml,lid(bottle),lid(container),0.0,0.0,0.0,0.7364121596018474,44.18472957611084
CCDiff-MetaShift,57,,configs/sweep_metashift_purity1.0_seed0/812.yaml,lid(table),lid(cup),0.0,0.0,0.0,0.920432738463084,55.225964307785034
CCDiff-MetaShift,46,,configs/sweep_metashift_purity1.0_seed0/813.yaml,lid(container),lid(bowl),0.0,0.0,0.0,0.7445909857749939,44.675459146499634
CCDiff-MetaShift,44,,configs/sweep_metashift_purity1.0_seed0/814.yaml,lid(bowl),lid(trash can),0.0,0.0,0.0,0.7360522389411926,44.16313433647156
CCDiff-MetaShift,55,,configs/sweep_metashift_purity1.0_seed0/815.yaml,flower(plate),flower(table),0.0,0.0,0.0,0.9000559290250142,54.003355741500854
CCDiff-MetaShift,13,,configs/sweep_metashift_purity1.0_seed0/816.yaml,flower(plate),flower(vase),0.0,0.0,0.0,0.19281490643819177,11.568894386291504
CCDiff-MetaShift,47,,configs/sweep_metashift_purity1.0_seed0/817.yaml,flower(window),flower(vase),0.0,0.5,0.5,0.7494837880134583,44.969027280807495
CCDiff-MetaShift,54,,configs/sweep_metashift_purity1.0_seed0/818.yaml,flower(wall),flower(bed),0.0,0.0,0.0,0.8840072949727377,53.04043769836426
CCDiff-MetaShift,5,,configs/sweep_metashift_purity1.0_seed0/819.yaml,flower(wall),flower(table),0.5,0.5,0.5,0.06178971529006958,3.707382917404175
CCDiff-MetaShift,56,,configs/sweep_metashift_purity1.0_seed0/820.yaml,shelf(desk),shelf(container),0.5,0.5,0.5,0.9244051178296409,55.46430706977844
CCDiff-MetaShift,43,,configs/sweep_metashift_purity1.0_seed0/821.yaml,shelf(pot),shelf(container),0.5,0.5,0.5,0.7231742699941,43.390456199646
CCDiff-MetaShift,56,,configs/sweep_metashift_purity1.0_seed0/822.yaml,shelf(chair),shelf(computer mouse),0.5,0.5,0.5,0.9329113364219666,55.97468018531799
CCDiff-MetaShift,52,,configs/sweep_metashift_purity1.0_seed0/823.yaml,shelf(mirror),shelf(faucet),0.0,0.0,0.0,0.8352960268656413,50.11776161193848
CCDiff-MetaShift,45,,configs/sweep_metashift_purity1.0_seed0/824.yaml,shelf(cabinet),shelf(desk),0.0,0.0,0.0,0.7258763154347737,43.552578926086426
CCDiff-MetaShift,54,,configs/sweep_metashift_purity1.0_seed0/825.yaml,tiles(floor),tiles(toilet),0.5,0.5,0.5,0.885968804359436,53.15812826156616
CCDiff-MetaShift,45,,configs/sweep_metashift_purity1.0_seed0/826.yaml,tiles(wall),tiles(toilet),0.0,0.0,0.0,0.7219510118166605,43.317060708999634
CCDiff-MetaShift,5,,configs/sweep_metashift_purity1.0_seed0/827.yaml,tiles(floor),tiles(wall),0.5,0.5,0.5,0.058701554934183754,3.5220932960510254
CCDiff-MetaShift,54,,configs/sweep_metashift_purity1.0_seed0/828.yaml,park(people),park(boy),0.5,0.5,0.5,0.882097351551056,52.925841093063354
CCDiff-MetaShift,12,,configs/sweep_metashift_purity1.0_seed0/829.yaml,park(people),park(woman),1.0,1.0,1.0,0.19256776968638104,11.55406618118286
CCDiff-MetaShift,47,,configs/sweep_metashift_purity1.0_seed0/830.yaml,park(person),park(people),0.5,1.0,1.0,0.7774568637212117,46.647411823272705
CCDiff-MetaShift,5,,configs/sweep_metashift_purity1.0_seed0/831.yaml,park(person),park(woman),1.0,1.0,1.0,0.05351346333821615,3.2108078002929688
CCDiff-MetaShift,46,,configs/sweep_metashift_purity1.0_seed0/832.yaml,park(man),park(boy),1.0,1.0,1.0,0.7537654717763265,45.22592830657959
CCDiff-MetaShift,54,,configs/sweep_metashift_purity1.0_seed0/833.yaml,parking lot(fence),parking lot(cars),0.0,0.0,0.0,0.8904435793558757,53.42661476135254
CCDiff-MetaShift,45,,configs/sweep_metashift_purity1.0_seed0/834.yaml,parking lot(car),parking lot(cars),0.0,0.5,0.5,0.7377935568491618,44.26761341094971
CCDiff-MetaShift,4,,configs/sweep_metashift_purity1.0_seed0/835.yaml,parking lot(fence),parking lot(car),0.0,0.0,0.0,0.05827321608861288,3.4963929653167725
CCDiff-MetaShift,45,,configs/sweep_metashift_purity1.0_seed0/836.yaml,parking lot(truck),parking lot(cars),1.0,1.0,1.0,0.7423287391662597,44.539724349975586
CCDiff-MetaShift,13,,configs/sweep_metashift_purity1.0_seed0/837.yaml,parking lot(fence),parking lot(bus),0.0,0.5,0.5,0.20132957696914672,12.079774618148804
CCDiff-MetaShift,56,,configs/sweep_metashift_purity1.0_seed0/838.yaml,tray(table),tray(man),1.0,1.0,1.0,0.9062227884928384,54.37336730957031
CCDiff-MetaShift,55,,configs/sweep_metashift_purity1.0_seed0/839.yaml,tray(food),tray(counter),0.5,1.0,1.0,0.899004320303599,53.94025921821594
CCDiff-MetaShift,12,,configs/sweep_metashift_purity1.0_seed0/840.yaml,tray(table),tray(plate),0.5,0.5,0.5,0.19556913375854493,11.734148025512695
CCDiff-MetaShift,55,,configs/sweep_metashift_purity1.0_seed0/841.yaml,tray(bowl),tray(napkin),0.0,1.0,1.0,0.8798212965329488,52.78927779197693
CCDiff-MetaShift,46,,configs/sweep_metashift_purity1.0_seed0/842.yaml,tray(person),tray(man),0.5,0.5,0.5,0.7445475538571675,44.672853231430054
CCDiff-MetaShift,55,,configs/sweep_metashift_purity1.0_seed0/843.yaml,tomato(fork),tomato(pizza),0.5,0.5,0.5,0.9179909110069276,55.07945466041565
CCDiff-MetaShift,13,,configs/sweep_metashift_purity1.0_seed0/844.yaml,tomato(fork),tomato(food),0.5,0.5,0.5,0.20670021375020345,12.402012825012209
CCDiff-MetaShift,13,,configs/sweep_metashift_purity1.0_seed0/845.yaml,tomato(fork),tomato(meat),0.5,0.5,0.5,0.1985379139582316,11.912274837493896
CCDiff-MetaShift,55,,configs/sweep_metashift_purity1.0_seed0/846.yaml,tomato(lettuce),tomato(sandwich),0.5,0.5,0.5,0.8877732594807942,53.266395568847656
CCDiff-MetaShift,45,,configs/sweep_metashift_purity1.0_seed0/847.yaml,tomato(plate),tomato(meat),0.5,0.5,0.5,0.7501238624254862,45.007431745529175
CCDiff-MetaShift,52,,configs/sweep_metashift_purity1.0_seed0/848.yaml,broccoli(plate),broccoli(food),0.0,0.5,0.5,0.8715170621871948,52.29102373123169
CCDiff-MetaShift,46,,configs/sweep_metashift_purity1.0_seed0/849.yaml,broccoli(table),broccoli(plate),0.0,0.5,0.5,0.7340891440709432,44.04534864425659
CCDiff-MetaShift,13,,configs/sweep_metashift_purity1.0_seed0/850.yaml,broccoli(plate),broccoli(bowl),0.5,1.0,1.0,0.19173498153686525,11.504098892211914
CCDiff-MetaShift,44,,configs/sweep_metashift_purity1.0_seed0/851.yaml,broccoli(vegetables),broccoli(food),0.5,0.5,0.5,0.7140392422676086,42.84235453605652
CCDiff-MetaShift,12,,configs/sweep_metashift_purity1.0_seed0/852.yaml,broccoli(table),broccoli(meat),0.5,0.5,0.5,0.2020562092463175,12.123372554779053
CCDiff-MetaShift,52,,configs/sweep_metashift_purity1.0_seed0/853.yaml,onion(table),onion(plate),0.5,0.5,0.5,0.8602896094322204,51.61737656593323
CCDiff-MetaShift,42,,configs/sweep_metashift_purity1.0_seed0/854.yaml,onion(tomato),onion(plate),0.5,0.5,0.5,0.6998328646024068,41.98997187614441
CCDiff-MetaShift,14,,configs/sweep_metashift_purity1.0_seed0/855.yaml,onion(tomato),onion(cheese),0.0,0.5,0.5,0.21470462878545124,12.882277727127075
CCDiff-MetaShift,12,,configs/sweep_metashift_purity1.0_seed0/856.yaml,onion(tomato),onion(food),0.5,0.5,0.5,0.19503205219904585,11.701923131942747
CCDiff-MetaShift,37,,configs/sweep_metashift_purity1.0_seed0/857.yaml,onion(plate),onion(cheese),0.0,0.5,0.5,0.590232249101003,35.41393494606018
CCDiff-MetaShift,50,,configs/sweep_metashift_purity1.0_seed0/858.yaml,carrot(broccoli),carrot(plate),0.5,0.5,0.5,0.8391778031984966,50.35066819190979
CCDiff-MetaShift,14,,configs/sweep_metashift_purity1.0_seed0/859.yaml,carrot(broccoli),carrot(table),0.5,0.5,0.5,0.2033945600191752,12.203673601150513
CCDiff-MetaShift,36,,configs/sweep_metashift_purity1.0_seed0/860.yaml,carrot(table),carrot(plate),0.5,0.5,0.5,0.5857993960380554,35.147963762283325
CCDiff-MetaShift,13,,configs/sweep_metashift_purity1.0_seed0/861.yaml,carrot(broccoli),carrot(food),0.5,0.5,0.5,0.19970510800679525,11.982306480407717
CCDiff-MetaShift,36,,configs/sweep_metashift_purity1.0_seed0/862.yaml,carrot(food),carrot(table),0.5,0.5,0.5,0.5752598325411479,34.51558995246887
CCDiff-MetaShift,53,,configs/sweep_metashift_purity1.0_seed0/863.yaml,pepper(tomato),pepper(cheese),0.5,0.5,0.5,0.8821775714556376,52.93065428733826
CCDiff-MetaShift,14,,configs/sweep_metashift_purity1.0_seed0/864.yaml,pepper(tomato),pepper(food),0.5,0.5,0.5,0.1973084767659505,11.838508605957031
CCDiff-MetaShift,47,,configs/sweep_metashift_purity1.0_seed0/865.yaml,pepper(plate),pepper(cheese),0.5,0.5,0.5,0.7611533800760905,45.66920280456543
CCDiff-MetaShift,38,,configs/sweep_metashift_purity1.0_seed0/866.yaml,pepper(food),pepper(cheese),0.0,0.5,0.5,0.6071866472562154,36.431198835372925
CCDiff-MetaShift,48,,configs/sweep_metashift_purity1.0_seed0/867.yaml,pepper(pizza),pepper(cheese),0.5,0.5,0.5,0.7771150271097819,46.626901626586914
CCDiff-MetaShift,57,,configs/sweep_metashift_purity1.0_seed0/868.yaml,stop sign(pole),stop sign(car),0.0,0.5,0.5,0.9420939842859904,56.525639057159424
CCDiff-MetaShift,51,,configs/sweep_metashift_purity1.0_seed0/869.yaml,stop sign(sign),stop sign(pole),0.5,0.5,0.5,0.8197572390238445,49.185434341430664
CCDiff-MetaShift,51,,configs/sweep_metashift_purity1.0_seed0/870.yaml,stop sign(tree),stop sign(pole),0.5,0.5,0.5,0.8131100694338481,48.78660416603088
CCDiff-MetaShift,4,,configs/sweep_metashift_purity1.0_seed0/871.yaml,stop sign(sign),stop sign(tree),0.5,0.5,0.5,0.056527169545491536,3.391630172729492
CCDiff-MetaShift,5,,configs/sweep_metashift_purity1.0_seed0/872.yaml,stop sign(sign),stop sign(car),0.5,0.5,0.5,0.06531967719395955,3.919180631637573
CCDiff-MetaShift,58,,configs/sweep_metashift_purity1.0_seed0/873.yaml,letters(wall),letters(clock),0.0,0.0,0.0,0.9391143043835958,56.34685826301575
CCDiff-MetaShift,48,,configs/sweep_metashift_purity1.0_seed0/874.yaml,letters(sign),letters(clock),1.0,1.0,1.0,0.7746191223462423,46.477147340774536
CCDiff-MetaShift,5,,configs/sweep_metashift_purity1.0_seed0/875.yaml,letters(sign),letters(wall),0.5,0.5,0.5,0.05783997774124146,3.4703986644744873
CCDiff-MetaShift,59,,configs/sweep_metashift_purity1.0_seed0/876.yaml,pen(table),pen(fence),0.5,0.5,0.5,0.9615494052569072,57.69296431541443
CCDiff-MetaShift,50,,configs/sweep_metashift_purity1.0_seed0/877.yaml,pen(fence),pen(keyboard),0.0,0.5,0.5,0.7991612235705058,47.94967341423035
CCDiff-MetaShift,49,,configs/sweep_metashift_purity1.0_seed0/878.yaml,pen(paper),pen(fence),0.0,0.0,0.0,0.7943790753682455,47.66274452209473
CCDiff-MetaShift,49,,configs/sweep_metashift_purity1.0_seed0/879.yaml,pen(desk),pen(table),0.0,0.0,0.0,0.796549125512441,47.79294753074646
CCDiff-MetaShift,4,,configs/sweep_metashift_purity1.0_seed0/880.yaml,pen(desk),pen(paper),0.0,0.0,0.0,0.06171864271163941,3.703118562698364
CCDiff-MetaShift,60,,configs/sweep_metashift_purity1.0_seed0/881.yaml,screen(book),screen(picture),0.5,0.5,0.5,0.9573248823483784,57.43949294090271
CCDiff-MetaShift,58,,configs/sweep_metashift_purity1.0_seed0/882.yaml,screen(television),screen(cell phone),1.0,1.0,1.0,0.9685918688774108,58.11551213264465
CCDiff-MetaShift,57,,configs/sweep_metashift_purity1.0_seed0/883.yaml,screen(person),screen(woman),0.5,1.0,1.0,0.9369614124298096,56.217684745788574
CCDiff-MetaShift,57,,configs/sweep_metashift_purity1.0_seed0/884.yaml,screen(keyboard),screen(monitor),0.5,0.5,0.5,0.924662470817566,55.479748249053955
CCDiff-MetaShift,57,,configs/sweep_metashift_purity1.0_seed0/885.yaml,screen(desk),screen(lamp),1.0,1.0,1.0,0.9424923261006674,56.54953956604004
CCDiff-MetaShift,57,,configs/sweep_metashift_purity1.0_seed0/886.yaml,book(laptop),book(keyboard),0.5,0.5,0.5,0.9235353549321492,55.412121295928955
CCDiff-MetaShift,57,,configs/sweep_metashift_purity1.0_seed0/887.yaml,book(box),book(woman),0.0,0.0,0.0,0.9236189603805542,55.41713762283325
CCDiff-MetaShift,58,,configs/sweep_metashift_purity1.0_seed0/888.yaml,book(blanket),book(lamp),0.0,1.0,1.0,0.9560309131940206,57.361854791641235
CCDiff-MetaShift,4,,configs/sweep_metashift_purity1.0_seed0/889.yaml,book(laptop),book(blanket),1.0,1.0,1.0,0.0595860759417216,3.575164556503296
CCDiff-MetaShift,14,,configs/sweep_metashift_purity1.0_seed0/890.yaml,book(laptop),book(cat),0.5,1.0,1.0,0.20665429830551144,12.399257898330688
CCDiff-MetaShift,58,,configs/sweep_metashift_purity1.0_seed0/891.yaml,phone(laptop),phone(computer mouse),0.5,0.5,0.5,0.9480100075403848,56.880600452423096
CCDiff-MetaShift,13,,configs/sweep_metashift_purity1.0_seed0/892.yaml,phone(laptop),phone(keyboard),0.0,0.5,0.5,0.2065837144851685,12.395022869110107
CCDiff-MetaShift,57,,configs/sweep_metashift_purity1.0_seed0/893.yaml,phone(screen),phone(cell phone),0.0,0.0,0.0,0.9343763589859008,56.06258153915405
CCDiff-MetaShift,58,,configs/sweep_metashift_purity1.0_seed0/894.yaml,phone(wall),phone(computer),0.0,0.0,0.0,0.962585965792338,57.75515794754028
CCDiff-MetaShift,58,,configs/sweep_metashift_purity1.0_seed0/895.yaml,phone(book),phone(bag),0.5,1.0,1.0,0.9515418330828348,57.09250998497009
CCDiff-MetaShift,55,,configs/sweep_metashift_purity1.0_seed0/896.yaml,coat(shirt),coat(chair),0.0,0.0,0.0,0.9086341540018718,54.518049240112305
CCDiff-MetaShift,57,,configs/sweep_metashift_purity1.0_seed0/897.yaml,dog(jacket),dog(people),0.0,0.0,0.0,0.9327231605847676,55.96338963508606
CCDiff-MetaShift,58,,configs/sweep_metashift_purity1.0_seed0/898.yaml,dog(fence),dog(chair),0.0,0.5,0.5,0.9382938583691914,56.29763150215149
CCDiff-MetaShift,50,,configs/sweep_metashift_purity1.0_seed0/899.yaml,dog(frisbee),dog(people),1.0,1.0,1.0,0.8086626331011454,48.519757986068726
CCDiff-MetaShift,13,,configs/sweep_metashift_purity1.0_seed0/900.yaml,dog(frisbee),dog(person),1.0,1.0,1.0,0.2044406056404114,12.266436338424684
CCDiff-MetaShift,40,,configs/sweep_metashift_purity1.0_seed0/901.yaml,dog(chair),dog(person),1.0,1.0,1.0,0.6468722343444824,38.812334060668945
CCDiff-MetaShift,59,,configs/sweep_metashift_purity1.0_seed0/902.yaml,taxi(truck),taxi(car),1.0,1.0,1.0,0.9436936974525452,56.62162184715271
CCDiff-MetaShift,12,,configs/sweep_metashift_purity1.0_seed0/903.yaml,taxi(truck),taxi(man),0.5,0.5,0.5,0.19887636502583825,11.932581901550291
CCDiff-MetaShift,38,,configs/sweep_metashift_purity1.0_seed0/904.yaml,taxi(car),taxi(man),0.5,1.0,1.0,0.6134350458780925,36.80610275268555
CCDiff-MetaShift,62,,configs/sweep_metashift_purity1.0_seed0/905.yaml,rock(zebra),rock(bird),0.5,0.5,0.5,0.9914953589439393,59.48972153663635
CCDiff-MetaShift,60,,configs/sweep_metashift_purity1.0_seed0/906.yaml,rock(fence),rock(giraffe),0.0,0.0,0.0,0.9790639678637186,58.74383807182312
CCDiff-MetaShift,59,,configs/sweep_metashift_purity1.0_seed0/907.yaml,rock(grass),rock(bench),0.0,0.5,0.5,0.9740839759508768,58.44503855705261
CCDiff-MetaShift,4,,configs/sweep_metashift_purity1.0_seed0/908.yaml,rock(fence),rock(grass),0.0,0.0,0.0,0.056531838575998944,3.3919103145599365
CCDiff-MetaShift,50,,configs/sweep_metashift_purity1.0_seed0/909.yaml,rock(ground),rock(bird),0.0,0.5,0.5,0.803201162815094,48.19206976890564
CCDiff-MetaShift,57,,configs/sweep_metashift_purity1.0_seed0/910.yaml,sticker(wall),sticker(pole),0.0,0.0,0.0,0.9286618630091348,55.719711780548096
CCDiff-MetaShift,48,,configs/sweep_metashift_purity1.0_seed0/911.yaml,sticker(sign),sticker(wall),0.5,0.5,0.5,0.7916220307350159,47.49732184410095
CCDiff-MetaShift,6,,configs/sweep_metashift_purity1.0_seed0/912.yaml,sticker(sign),sticker(pole),0.5,1.0,1.0,0.06126733223597209,3.676039934158325
CCDiff-MetaShift,56,,configs/sweep_metashift_purity1.0_seed0/913.yaml,bus(people),bus(bike),0.5,0.5,0.5,0.9168306350708008,55.00983810424805
CCDiff-MetaShift,56,,configs/sweep_metashift_purity1.0_seed0/914.yaml,bus(ground),bus(pole),0.5,0.5,0.5,0.9241311152776084,55.447866916656494
CCDiff-MetaShift,48,,configs/sweep_metashift_purity1.0_seed0/915.yaml,bus(woman),bus(people),0.0,0.0,0.0,0.7845391631126404,47.07234978675842
CCDiff-MetaShift,55,,configs/sweep_metashift_purity1.0_seed0/916.yaml,bus(person),bus(bag),0.0,0.0,0.0,0.9013752977053324,54.082517862319946
CCDiff-MetaShift,47,,configs/sweep_metashift_purity1.0_seed0/917.yaml,bus(trees),bus(people),0.0,0.0,0.0,0.7542035301526387,45.252211809158325
CCDiff-MetaShift,57,,configs/sweep_metashift_purity1.0_seed0/918.yaml,post(fence),post(traffic light),0.0,0.5,0.5,0.9458547790845236,56.75128674507141
CCDiff-MetaShift,56,,configs/sweep_metashift_purity1.0_seed0/919.yaml,post(lamp),post(sign),0.0,0.0,0.0,0.9274534861246744,55.64720916748047
CCDiff-MetaShift,13,,configs/sweep_metashift_purity1.0_seed0/920.yaml,post(fence),post(clock),0.0,0.5,0.5,0.20352915128072105,12.211749076843262
CCDiff-MetaShift,57,,configs/sweep_metashift_purity1.0_seed0/921.yaml,post(flag),post(train),0.5,0.5,0.5,0.9387352267901102,56.324113607406616
CCDiff-MetaShift,54,,configs/sweep_metashift_purity1.0_seed0/922.yaml,post(giraffe),post(clock),1.0,1.0,1.0,0.8708365241686503,52.25019145011902
CCDiff-MetaShift,59,,configs/sweep_metashift_purity1.0_seed0/923.yaml,fire hydrant(grass),fire hydrant(trees),0.5,1.0,1.0,0.9587826132774352,57.52695679664612
CCDiff-MetaShift,14,,configs/sweep_metashift_purity1.0_seed0/924.yaml,fire hydrant(grass),fire hydrant(fence),0.5,1.0,1.0,0.21475331783294677,12.885199069976808
CCDiff-MetaShift,61,,configs/sweep_metashift_purity1.0_seed0/925.yaml,fire hydrant(building),fire hydrant(car),0.5,1.0,1.0,0.9932168165842692,59.59300899505615
CCDiff-MetaShift,15,,configs/sweep_metashift_purity1.0_seed0/926.yaml,fire hydrant(building),fire hydrant(wall),0.5,1.0,1.0,0.21462124188741047,12.877274513244627
CCDiff-MetaShift,51,,configs/sweep_metashift_purity1.0_seed0/927.yaml,fire hydrant(wall),fire hydrant(man),0.5,0.5,0.5,0.8354455351829528,50.12673211097717
CCDiff-MetaShift,58,,configs/sweep_metashift_purity1.0_seed0/928.yaml,dock(water),dock(man),1.0,1.0,1.0,0.9248107274373372,55.488643646240234
CCDiff-MetaShift,47,,configs/sweep_metashift_purity1.0_seed0/929.yaml,dock(boat),dock(man),1.0,1.0,1.0,0.7745833118756612,46.47499871253967
CCDiff-MetaShift,4,,configs/sweep_metashift_purity1.0_seed0/930.yaml,dock(boat),dock(water),0.5,1.0,1.0,0.05221101442972819,3.1326608657836914
CCDiff-MetaShift,56,,configs/sweep_metashift_purity1.0_seed0/931.yaml,buoy(boat),buoy(water),0.0,0.5,0.5,0.9039790789286296,54.23874473571777
CCDiff-MetaShift,57,,configs/sweep_metashift_purity1.0_seed0/932.yaml,shore(boat),shore(man),1.0,1.0,1.0,0.9339731733004252,56.03839039802551
CCDiff-MetaShift,58,,configs/sweep_metashift_purity1.0_seed0/933.yaml,van(building),van(cars),0.0,0.0,0.0,0.936812682946523,56.20876097679138
CCDiff-MetaShift,57,,configs/sweep_metashift_purity1.0_seed0/934.yaml,van(people),van(bus),0.0,0.5,0.5,0.9241392453511555,55.448354721069336
CCDiff-MetaShift,48,,configs/sweep_metashift_purity1.0_seed0/935.yaml,van(truck),van(cars),0.0,0.5,0.5,0.7806901375452677,46.841408252716064
CCDiff-MetaShift,48,,configs/sweep_metashift_purity1.0_seed0/936.yaml,van(person),van(people),0.0,0.0,0.0,0.7798933625221253,46.793601751327515
CCDiff-MetaShift,49,,configs/sweep_metashift_purity1.0_seed0/937.yaml,van(car),van(truck),0.5,0.5,0.5,0.8005272189776103,48.031633138656616
CCDiff-MetaShift,57,,configs/sweep_metashift_purity1.0_seed0/938.yaml,umbrella(car),umbrella(purse),0.0,0.0,0.0,0.9331474741299948,55.98884844779968
CCDiff-MetaShift,47,,configs/sweep_metashift_purity1.0_seed0/939.yaml,umbrella(person),umbrella(purse),1.0,1.0,1.0,0.7800341884295146,46.802051305770874
CCDiff-MetaShift,59,,configs/sweep_metashift_purity1.0_seed0/940.yaml,umbrella(fence),umbrella(man),0.0,1.0,1.0,0.933068597316742,55.98411583900452
CCDiff-MetaShift,58,,configs/sweep_metashift_purity1.0_seed0/941.yaml,umbrella(boy),umbrella(lady),0.5,0.5,0.5,0.9408015727996826,56.44809436798096
CCDiff-MetaShift,5,,configs/sweep_metashift_purity1.0_seed0/942.yaml,umbrella(boy),umbrella(purse),0.0,0.5,0.5,0.060227596759796144,3.613655805587769
CCDiff-MetaShift,58,,configs/sweep_metashift_purity1.0_seed0/943.yaml,word(sign),word(wall),0.5,0.5,0.5,0.9508820732434592,57.052924394607544
CCDiff-MetaShift,59,,configs/sweep_metashift_purity1.0_seed0/944.yaml,rug(couch),rug(shelf),0.5,0.5,0.5,0.9667072852452596,58.002437114715576
CCDiff-MetaShift,59,,configs/sweep_metashift_purity1.0_seed0/945.yaml,rug(chair),rug(vase),0.5,0.5,0.5,0.9545818368593852,57.27491021156311
CCDiff-MetaShift,49,,configs/sweep_metashift_purity1.0_seed0/946.yaml,rug(shelf),rug(pillow),0.0,0.0,0.0,0.7977530837059021,47.865185022354126
CCDiff-MetaShift,62,,configs/sweep_metashift_purity1.0_seed0/947.yaml,rug(table),rug(door),0.5,0.5,0.5,1.005198562145233,60.31191372871399
CCDiff-MetaShift,50,,configs/sweep_metashift_purity1.0_seed0/948.yaml,rug(pillow),rug(cabinet),0.0,0.0,0.0,0.8130337834358216,48.78202700614929
CCDiff-MetaShift,59,,configs/sweep_metashift_purity1.0_seed0/949.yaml,spectators(woman),spectators(people),0.5,0.5,0.5,0.9521242300669353,57.12745380401611
CCDiff-MetaShift,15,,configs/sweep_metashift_purity1.0_seed0/950.yaml,spectators(woman),spectators(racket),0.0,0.0,0.0,0.2216270367304484,13.297622203826904
CCDiff-MetaShift,49,,configs/sweep_metashift_purity1.0_seed0/951.yaml,spectators(person),spectators(racket),0.0,0.5,0.5,0.8119119524955749,48.7147171497345
CCDiff-MetaShift,14,,configs/sweep_metashift_purity1.0_seed0/952.yaml,spectators(woman),spectators(player),0.5,0.5,0.5,0.20897122621536257,12.538273572921751
CCDiff-MetaShift,14,,configs/sweep_metashift_purity1.0_seed0/953.yaml,spectators(woman),spectators(man),0.5,0.5,0.5,0.2185821255048116,13.114927530288696
CCDiff-MetaShift,58,,configs/sweep_metashift_purity1.0_seed0/954.yaml,child(pants),child(grass),0.0,0.0,0.0,0.9296893080075582,55.78135848045349
CCDiff-MetaShift,58,,configs/sweep_metashift_purity1.0_seed0/955.yaml,child(fence),child(cap),0.0,0.0,0.0,0.9467686573664348,56.80611944198608
CCDiff-MetaShift,58,,configs/sweep_metashift_purity1.0_seed0/956.yaml,child(girl),child(glasses),0.0,0.0,0.0,0.9576704025268554,57.46022415161133
CCDiff-MetaShift,57,,configs/sweep_metashift_purity1.0_seed0/957.yaml,child(bag),child(car),0.0,0.5,0.5,0.9344191988309224,56.06515192985535
CCDiff-MetaShift,50,,configs/sweep_metashift_purity1.0_seed0/958.yaml,child(hat),child(girl),0.0,0.5,0.5,0.7921609878540039,47.529659271240234
CCDiff-MetaShift,57,,configs/sweep_metashift_purity1.0_seed0/959.yaml,statue(clock),statue(building),0.5,0.5,0.5,0.9425802111625672,56.55481266975403
CCDiff-MetaShift,59,,configs/sweep_metashift_purity1.0_seed0/960.yaml,statue(person),statue(man),0.0,0.0,0.0,0.9807172695795696,58.84303617477417
CCDiff-MetaShift,41,,configs/sweep_metashift_purity1.0_seed0/961.yaml,statue(building),statue(man),0.5,0.5,0.5,0.6598156770070394,39.58894062042236
CCDiff-MetaShift,5,,configs/sweep_metashift_purity1.0_seed0/962.yaml,statue(person),statue(building),0.0,0.0,0.0,0.05152593851089478,3.0915563106536865
CCDiff-MetaShift,4,,configs/sweep_metashift_purity1.0_seed0/963.yaml,statue(clock),statue(man),0.5,0.5,0.5,0.05521595080693563,3.3129570484161377
CCDiff-MetaShift,55,,configs/sweep_metashift_purity1.0_seed0/964.yaml,numbers(sign),numbers(clock),0.0,0.0,0.0,0.9067580858866374,54.40548515319824
CCDiff-MetaShift,56,,configs/sweep_metashift_purity1.0_seed0/965.yaml,towel(sink),towel(curtain),0.5,0.5,0.5,0.918667741616567,55.12006449699402
CCDiff-MetaShift,55,,configs/sweep_metashift_purity1.0_seed0/966.yaml,towel(soap),towel(shelf),0.0,0.5,0.5,0.8988790194193522,53.93274116516113
CCDiff-MetaShift,59,,configs/sweep_metashift_purity1.0_seed0/967.yaml,towel(woman),towel(stove),0.0,0.5,0.5,0.9476924339930216,56.8615460395813
CCDiff-MetaShift,56,,configs/sweep_metashift_purity1.0_seed0/968.yaml,towel(box),towel(person),0.0,0.0,0.0,0.9133292516072592,54.79975509643555
CCDiff-MetaShift,57,,configs/sweep_metashift_purity1.0_seed0/969.yaml,towel(bottle),towel(wall),0.0,0.0,0.0,0.9359405001004536,56.15643000602722
CCDiff-MetaShift,59,,configs/sweep_metashift_purity1.0_seed0/970.yaml,lamp(picture),lamp(clock),0.0,0.0,0.0,0.9618211229642232,57.709267377853394
CCDiff-MetaShift,59,,configs/sweep_metashift_purity1.0_seed0/971.yaml,lamp(ceiling),lamp(chair),0.5,0.5,0.5,0.9673252979914349,58.03951787948608
CCDiff-MetaShift,58,,configs/sweep_metashift_purity1.0_seed0/972.yaml,lamp(person),lamp(screen),0.0,0.0,0.0,0.93356564839681,56.013938903808594
CCDiff-MetaShift,60,,configs/sweep_metashift_purity1.0_seed0/973.yaml,lamp(cup),lamp(book),0.5,0.5,0.5,0.9779945135116576,58.67967081069946
CCDiff-MetaShift,58,,configs/sweep_metashift_purity1.0_seed0/974.yaml,lamp(books),lamp(bed),0.0,0.0,0.0,0.961431352297465,57.6858811378479
CCDiff-MetaShift,55,,configs/sweep_metashift_purity1.0_seed0/975.yaml,refrigerator(cabinets),refrigerator(picture),0.5,0.5,0.5,0.8961774826049804,53.77064895629883
CCDiff-MetaShift,54,,configs/sweep_metashift_purity1.0_seed0/976.yaml,refrigerator(bowl),refrigerator(table),0.0,0.0,0.0,0.8908782283465068,53.452693700790405
CCDiff-MetaShift,46,,configs/sweep_metashift_purity1.0_seed0/977.yaml,refrigerator(chair),refrigerator(picture),0.5,0.5,0.5,0.7588789582252502,45.532737493515015
CCDiff-MetaShift,14,,configs/sweep_metashift_purity1.0_seed0/978.yaml,refrigerator(chair),refrigerator(drawer),0.0,0.5,0.5,0.21552693446477253,12.931616067886353
CCDiff-MetaShift,56,,configs/sweep_metashift_purity1.0_seed0/979.yaml,refrigerator(shelf),refrigerator(bottle),0.0,0.5,0.5,0.9162878195444742,54.97726917266846
CCDiff-MetaShift,58,,configs/sweep_metashift_purity1.0_seed0/980.yaml,cord(laptop),cord(table),0.0,0.0,0.0,0.9479058225949604,56.87434935569763
CCDiff-MetaShift,13,,configs/sweep_metashift_purity1.0_seed0/981.yaml,cord(laptop),cord(desk),0.0,0.0,0.0,0.2192894697189331,13.157368183135986
CCDiff-MetaShift,58,,configs/sweep_metashift_purity1.0_seed0/982.yaml,cord(floor),cord(computer),0.0,0.0,0.0,0.9411474585533142,56.46884751319885
CCDiff-MetaShift,51,,configs/sweep_metashift_purity1.0_seed0/983.yaml,cord(wall),cord(table),0.0,0.0,0.0,0.8194622039794922,49.16773223876953
CCDiff-MetaShift,49,,configs/sweep_metashift_purity1.0_seed0/984.yaml,cord(outlet),cord(computer),0.0,0.0,0.0,0.804068938891093,48.244136333465576
CCDiff-MetaShift,59,,configs/sweep_metashift_purity1.0_seed0/985.yaml,pot(man),pot(table),0.0,0.0,0.0,0.951731272538503,57.10387635231018
CCDiff-MetaShift,45,,configs/sweep_metashift_purity1.0_seed0/986.yaml,pot(stove),pot(table),0.5,0.5,0.5,0.7460815072059631,44.76489043235779
CCDiff-MetaShift,56,,configs/sweep_metashift_purity1.0_seed0/987.yaml,pot(counter),pot(shelf),0.5,0.5,0.5,0.9160513917605082,54.96308350563049
CCDiff-MetaShift,15,,configs/sweep_metashift_purity1.0_seed0/988.yaml,pot(stove),pot(plate),0.5,1.0,1.0,0.22849541902542111,13.709725141525269
CCDiff-MetaShift,49,,configs/sweep_metashift_purity1.0_seed0/989.yaml,pot(woman),pot(table),0.0,0.5,0.5,0.7800454576810201,46.802727460861206
CCDiff-MetaShift,61,,configs/sweep_metashift_purity1.0_seed0/990.yaml,sand(umbrella),sand(boy),1.0,1.0,1.0,0.9970846692721048,59.825080156326294
CCDiff-MetaShift,17,,configs/sweep_metashift_purity1.0_seed0/991.yaml,sand(umbrella),sand(man),1.0,1.0,1.0,0.26074042320251467,15.64442539215088
CCDiff-MetaShift,64,,configs/sweep_metashift_purity1.0_seed0/992.yaml,sand(boat),sand(girl),0.5,1.0,1.0,1.0431180079778035,62.58708047866821
CCDiff-MetaShift,58,,configs/sweep_metashift_purity1.0_seed0/993.yaml,sand(horse),sand(kite),0.5,1.0,1.0,0.9556994080543518,57.34196448326111
CCDiff-MetaShift,50,,configs/sweep_metashift_purity1.0_seed0/994.yaml,sand(sky),sand(boy),0.0,0.0,0.0,0.8181010444959005,49.08606266975403
CCDiff-MetaShift,62,,configs/sweep_metashift_purity1.0_seed0/995.yaml,bread(table),bread(bottle),0.5,0.5,0.5,1.009146559238434,60.54879355430603
CCDiff-MetaShift,61,,configs/sweep_metashift_purity1.0_seed0/996.yaml,bread(cheese),bread(lettuce),0.5,0.5,0.5,0.987676211198171,59.26057267189026
CCDiff-MetaShift,48,,configs/sweep_metashift_purity1.0_seed0/997.yaml,bread(meat),bread(lettuce),0.5,0.5,0.5,0.7774323582649231,46.645941495895386
CCDiff-MetaShift,58,,configs/sweep_metashift_purity1.0_seed0/998.yaml,bread(napkin),bread(knife),0.0,0.0,0.0,0.96123685836792,57.674211502075195
CCDiff-MetaShift,61,,configs/sweep_metashift_purity1.0_seed0/999.yaml,bread(spoon),bread(paper),0.0,0.0,0.0,0.9729826966921488,58.37896180152893
CCDiff-MetaShift,58,,configs/sweep_metashift_purity1.0_seed0/1000.yaml,bush(sign),bush(zebra),1.0,1.0,1.0,0.9285006244977316,55.71003746986389
CCDiff-MetaShift,57,,configs/sweep_metashift_purity1.0_seed0/1001.yaml,bush(man),bush(giraffe),0.0,0.0,0.0,0.9440541466077168,56.64324879646301
CCDiff-MetaShift,59,,configs/sweep_metashift_purity1.0_seed0/1002.yaml,bush(elephant),bush(boy),1.0,1.0,1.0,0.9378455599149068,56.27073359489441
CCDiff-MetaShift,47,,configs/sweep_metashift_purity1.0_seed0/1003.yaml,bush(horse),bush(elephant),0.5,0.5,0.5,0.7437786380449931,44.626718282699585
CCDiff-MetaShift,42,,configs/sweep_metashift_purity1.0_seed0/1004.yaml,bush(giraffe),bush(sign),1.0,1.0,1.0,0.6907943367958069,41.44766020774841
CCDiff-MetaShift,62,,configs/sweep_metashift_purity1.0_seed0/1005.yaml,books(desk),books(man),1.0,1.0,1.0,1.0059723655382793,60.35834193229675
CCDiff-MetaShift,50,,configs/sweep_metashift_purity1.0_seed0/1006.yaml,books(man),books(picture),0.0,0.0,0.0,0.8110741019248963,48.664446115493774
CCDiff-MetaShift,5,,configs/sweep_metashift_purity1.0_seed0/1007.yaml,books(desk),books(picture),0.0,0.5,0.5,0.05486925443013509,3.2921552658081055
CCDiff-MetaShift,62,,configs/sweep_metashift_purity1.0_seed0/1008.yaml,books(shelf),books(lamp),0.0,0.5,0.5,0.9933274428049724,59.59964656829834
CCDiff-MetaShift,63,,configs/sweep_metashift_purity1.0_seed0/1009.yaml,books(chair),books(pillow),0.0,0.0,0.0,0.9969913085301716,59.8194785118103
CCDiff-MetaShift,56,,configs/sweep_metashift_purity1.0_seed0/1010.yaml,station(train),station(man),1.0,1.0,1.0,0.9064749995867412,54.38849997520447
CCDiff-MetaShift,59,,configs/sweep_metashift_purity1.0_seed0/1011.yaml,bridge(building),bridge(car),0.5,0.5,0.5,0.9726486682891846,58.358920097351074
CCDiff-MetaShift,46,,configs/sweep_metashift_purity1.0_seed0/1012.yaml,bridge(trees),bridge(car),0.0,0.0,0.0,0.7662640333175659,45.975841999053955
CCDiff-MetaShift,60,,configs/sweep_metashift_purity1.0_seed0/1013.yaml,bridge(boat),bridge(fence),1.0,1.0,1.0,0.9760063211123148,58.56037926673889
CCDiff-MetaShift,46,,configs/sweep_metashift_purity1.0_seed0/1014.yaml,bridge(train),bridge(fence),1.0,1.0,1.0,0.7329713940620423,43.978283643722534
CCDiff-MetaShift,38,,configs/sweep_metashift_purity1.0_seed0/1015.yaml,bridge(car),bridge(fence),0.0,0.0,0.0,0.6185709476470947,37.11425685882568
CCDiff-MetaShift,59,,configs/sweep_metashift_purity1.0_seed0/1016.yaml,ladder(man),ladder(wall),0.0,0.0,0.0,0.9718453288078308,58.31071972846985
CCDiff-MetaShift,58,,configs/sweep_metashift_purity1.0_seed0/1017.yaml,flag(woman),flag(clock),0.0,1.0,1.0,0.9508145968119304,57.04887580871582
CCDiff-MetaShift,48,,configs/sweep_metashift_purity1.0_seed0/1018.yaml,flag(person),flag(clock),0.0,0.0,0.0,0.7635885914166768,45.81531548500061
CCDiff-MetaShift,50,,configs/sweep_metashift_purity1.0_seed0/1019.yaml,flag(building),flag(clock),0.0,0.5,0.5,0.8021911025047302,48.13146615028381
CCDiff-MetaShift,58,,configs/sweep_metashift_purity1.0_seed0/1020.yaml,flag(people),flag(fence),0.0,0.5,0.5,0.9341057658195496,56.046345949172974
CCDiff-MetaShift,56,,configs/sweep_metashift_purity1.0_seed0/1021.yaml,flag(umbrella),flag(post),0.0,0.5,0.5,0.9202110131581624,55.212660789489746
CCDiff-MetaShift,61,,configs/sweep_metashift_purity1.0_seed0/1022.yaml,trunk(giraffe),trunk(man),0.5,0.5,0.5,0.9857208172480264,59.14324903488159
CCDiff-MetaShift,57,,configs/sweep_metashift_purity1.0_seed0/1023.yaml,trunk(fence),trunk(bench),0.0,0.0,0.0,0.93591384490331,56.15483069419861
CCDiff-MetaShift,37,,configs/sweep_metashift_purity1.0_seed0/1024.yaml,trunk(man),trunk(fence),0.0,0.5,0.5,0.6070991277694702,36.42594766616821
CCDiff-MetaShift,5,,configs/sweep_metashift_purity1.0_seed0/1025.yaml,trunk(giraffe),trunk(bench),0.5,0.5,0.5,0.05479351679484049,3.2876110076904297
CCDiff-MetaShift,47,,configs/sweep_metashift_purity1.0_seed0/1026.yaml,trunk(elephant),trunk(giraffe),0.0,0.0,0.0,0.7702373584111532,46.21424150466919
CCDiff-MetaShift,56,,configs/sweep_metashift_purity1.0_seed0/1027.yaml,crust(cheese),crust(pizza),0.0,0.0,0.0,0.9072214841842652,54.43328905105591
CCDiff-MetaShift,58,,configs/sweep_metashift_purity1.0_seed0/1028.yaml,liquid(cup),liquid(bowl),0.5,0.5,0.5,0.941621732711792,56.49730396270752
CCDiff-MetaShift,48,,configs/sweep_metashift_purity1.0_seed0/1029.yaml,liquid(glass),liquid(bowl),0.0,0.0,0.0,0.7862766305605571,47.17659783363342
CCDiff-MetaShift,16,,configs/sweep_metashift_purity1.0_seed0/1030.yaml,liquid(cup),liquid(bottle),0.0,0.0,0.0,0.23239208062489827,13.943524837493896
CCDiff-MetaShift,4,,configs/sweep_metashift_purity1.0_seed0/1031.yaml,liquid(glass),liquid(bottle),0.0,0.0,0.0,0.05927036205927531,3.5562217235565186
CCDiff-MetaShift,39,,configs/sweep_metashift_purity1.0_seed0/1032.yaml,liquid(bottle),liquid(bowl),0.0,0.0,0.0,0.6056914925575256,36.34148955345154
CCDiff-MetaShift,59,,configs/sweep_metashift_purity1.0_seed0/1033.yaml,baby(woman),baby(man),0.5,0.5,0.5,0.9763410369555156,58.58046221733093
CCDiff-MetaShift,49,,configs/sweep_metashift_purity1.0_seed0/1034.yaml,baby(shirt),baby(woman),0.0,0.0,0.0,0.7971224069595337,47.82734441757202
CCDiff-MetaShift,48,,configs/sweep_metashift_purity1.0_seed0/1035.yaml,baby(baby),baby(shirt),0.5,0.5,0.5,0.7760835528373718,46.56501317024231
CCDiff-MetaShift,6,,configs/sweep_metashift_purity1.0_seed0/1036.yaml,baby(shirt),baby(man),0.0,0.0,0.0,0.06627902189890543,3.976741313934326
CCDiff-MetaShift,5,,configs/sweep_metashift_purity1.0_seed0/1037.yaml,baby(baby),baby(man),0.5,0.5,0.5,0.05771512190500895,3.462907314300537
CCDiff-MetaShift,60,,configs/sweep_metashift_purity1.0_seed0/1038.yaml,doorway(man),doorway(person),0.0,0.5,0.5,0.966548768679301,57.99292612075806
CCDiff-MetaShift,49,,configs/sweep_metashift_purity1.0_seed0/1039.yaml,doorway(sign),doorway(man),0.0,1.0,1.0,0.7974224368731181,47.845346212387085
CCDiff-MetaShift,4,,configs/sweep_metashift_purity1.0_seed0/1040.yaml,doorway(sign),doorway(person),0.0,0.5,0.5,0.05418813228607178,3.251287937164306
CCDiff-MetaShift,56,,configs/sweep_metashift_purity1.0_seed0/1041.yaml,mat(floor),mat(table),0.0,0.0,0.0,0.9102669000625612,54.61601400375366
CCDiff-MetaShift,60,,configs/sweep_metashift_purity1.0_seed0/1042.yaml,shoe(ground),shoe(skateboard),0.0,0.0,0.0,0.958841876188914,57.53051257133484
CCDiff-MetaShift,56,,configs/sweep_metashift_purity1.0_seed0/1043.yaml,catcher(glove),catcher(baseball),0.0,0.0,0.0,0.9290817062060038,55.74490237236023
CCDiff-MetaShift,58,,configs/sweep_metashift_purity1.0_seed0/1044.yaml,catcher(uniform),catcher(player),0.0,0.0,0.0,0.9325242280960084,55.9514536857605
CCDiff-MetaShift,15,,configs/sweep_metashift_purity1.0_seed0/1045.yaml,catcher(glove),catcher(pants),0.0,0.0,0.0,0.22659558057785031,13.59573483467102
CCDiff-MetaShift,56,,configs/sweep_metashift_purity1.0_seed0/1046.yaml,catcher(man),catcher(umpire),0.0,0.0,0.0,0.9238170782725016,55.4290246963501
CCDiff-MetaShift,14,,configs/sweep_metashift_purity1.0_seed0/1047.yaml,catcher(glove),catcher(batter),0.0,0.0,0.0,0.22228372891743975,13.337023735046388
CCDiff-MetaShift,57,,configs/sweep_metashift_purity1.0_seed0/1048.yaml,light fixture(wall),light fixture(ceiling),0.0,0.0,0.0,0.9286260803540548,55.717564821243286
CCDiff-MetaShift,58,,configs/sweep_metashift_purity1.0_seed0/1049.yaml,bed(pillow),bed(woman),0.0,0.5,0.5,0.9343603054682412,56.06161832809448
CCDiff-MetaShift,60,,configs/sweep_metashift_purity1.0_seed0/1050.yaml,bed(television),bed(bedspread),1.0,1.0,1.0,0.988095990816752,59.28575944900513
CCDiff-MetaShift,48,,configs/sweep_metashift_purity1.0_seed0/1051.yaml,bed(desk),bed(woman),1.0,1.0,1.0,0.7769691030184428,46.61814618110657
CCDiff-MetaShift,58,,configs/sweep_metashift_purity1.0_seed0/1052.yaml,bed(drawer),bed(carpet),0.5,0.5,0.5,0.9484713633855184,56.9082818031311
CCDiff-MetaShift,16,,configs/sweep_metashift_purity1.0_seed0/1053.yaml,bed(pillow),bed(curtain),0.5,0.5,0.5,0.22948547204335532,13.769128322601318
CCDiff-MetaShift,58,,configs/sweep_metashift_purity1.0_seed0/1054.yaml,nightstand(lamp),nightstand(pillow),0.5,0.5,0.5,0.9537367979685466,57.22420787811279
CCDiff-MetaShift,47,,configs/sweep_metashift_purity1.0_seed0/1055.yaml,nightstand(bed),nightstand(pillow),0.5,0.5,0.5,0.7610278884569804,45.66167330741882
CCDiff-MetaShift,5,,configs/sweep_metashift_purity1.0_seed0/1056.yaml,nightstand(bed),nightstand(lamp),0.5,0.5,0.5,0.0593738595644633,3.562431573867798
CCDiff-MetaShift,57,,configs/sweep_metashift_purity1.0_seed0/1057.yaml,tag(bag),tag(suitcase),0.0,0.5,0.5,0.9339360475540162,56.03616285324097
CCDiff-MetaShift,47,,configs/sweep_metashift_purity1.0_seed0/1058.yaml,tag(dog),tag(suitcase),1.0,1.0,1.0,0.7701987942059835,46.21192765235901
CCDiff-MetaShift,4,,configs/sweep_metashift_purity1.0_seed0/1059.yaml,tag(bag),tag(dog),1.0,1.0,1.0,0.05253055890401205,3.1518335342407227
CCDiff-MetaShift,64,,configs/sweep_metashift_purity1.0_seed0/1060.yaml,zoo(fence),zoo(giraffe),0.0,0.5,0.5,1.0410194913546245,62.461169481277466
CCDiff-MetaShift,59,,configs/sweep_metashift_purity1.0_seed0/1061.yaml,flowers(man),flowers(bush),0.0,0.5,0.5,0.9689393480618794,58.13636088371277
CCDiff-MetaShift,58,,configs/sweep_metashift_purity1.0_seed0/1062.yaml,flowers(table),flowers(bench),0.5,1.0,1.0,0.9616087516148883,57.69652509689331
CCDiff-MetaShift,58,,configs/sweep_metashift_purity1.0_seed0/1063.yaml,flowers(tree),flowers(vase),0.0,0.5,0.5,0.9434310078620912,56.605860471725464
CCDiff-MetaShift,50,,configs/sweep_metashift_purity1.0_seed0/1064.yaml,flowers(bench),flowers(umbrella),0.0,1.0,1.0,0.8084952592849731,48.50971555709839
CCDiff-MetaShift,16,,configs/sweep_metashift_purity1.0_seed0/1065.yaml,flowers(man),flowers(plate),0.0,0.5,0.5,0.25535840590794884,15.321504354476929
CCDiff-MetaShift,58,,configs/sweep_metashift_purity1.0_seed0/1066.yaml,path(person),path(man),0.5,1.0,1.0,0.9565730015436807,57.39438009262085
CCDiff-MetaShift,59,,configs/sweep_metashift_purity1.0_seed0/1067.yaml,suv(car),suv(man),0.0,0.0,0.0,0.9594901402791342,57.56940841674805
CCDiff-MetaShift,57,,configs/sweep_metashift_purity1.0_seed0/1068.yaml,bananas(fruit),bananas(man),0.0,0.5,0.5,0.932103939851125,55.926236391067505
CCDiff-MetaShift,58,,configs/sweep_metashift_purity1.0_seed0/1069.yaml,bananas(table),bananas(woman),0.0,1.0,1.0,0.9427281141281127,56.56368684768677
CCDiff-MetaShift,5,,configs/sweep_metashift_purity1.0_seed0/1070.yaml,bananas(fruit),bananas(woman),0.5,1.0,1.0,0.0635274370511373,3.8116462230682377
CCDiff-MetaShift,5,,configs/sweep_metashift_purity1.0_seed0/1071.yaml,bananas(table),bananas(fruit),0.0,1.0,1.0,0.05182737906773885,3.109642744064331
CCDiff-MetaShift,5,,configs/sweep_metashift_purity1.0_seed0/1072.yaml,bananas(table),bananas(man),0.0,1.0,1.0,0.06076050996780395,3.6456305980682377
CCDiff-MetaShift,59,,configs/sweep_metashift_purity1.0_seed0/1073.yaml,fruit(man),fruit(plate),0.5,0.5,0.5,0.9605881373087564,57.63528823852539
CCDiff-MetaShift,59,,configs/sweep_metashift_purity1.0_seed0/1074.yaml,fruit(table),fruit(bananas),0.5,0.5,0.5,0.9623647570610048,57.74188542366028
CCDiff-MetaShift,47,,configs/sweep_metashift_purity1.0_seed0/1075.yaml,fruit(plate),fruit(basket),0.5,1.0,1.0,0.7687421679496765,46.12453007698059
CCDiff-MetaShift,50,,configs/sweep_metashift_purity1.0_seed0/1076.yaml,fruit(orange),fruit(plate),0.5,0.5,0.5,0.8142406781514485,48.854440689086914
CCDiff-MetaShift,48,,configs/sweep_metashift_purity1.0_seed0/1077.yaml,fruit(bowl),fruit(plate),1.0,1.0,1.0,0.792413306236267,47.544798374176025
CCDiff-MetaShift,57,,configs/sweep_metashift_purity1.0_seed0/1078.yaml,orange(table),orange(man),0.0,0.5,0.5,0.9449560205141704,56.69736123085022
CCDiff-MetaShift,59,,configs/sweep_metashift_purity1.0_seed0/1079.yaml,orange(apple),orange(bowl),0.0,0.5,0.5,0.9508940219879152,57.0536413192749
CCDiff-MetaShift,49,,configs/sweep_metashift_purity1.0_seed0/1080.yaml,orange(banana),orange(apple),0.5,0.5,0.5,0.7901200135548909,47.40720081329346
CCDiff-MetaShift,38,,configs/sweep_metashift_purity1.0_seed0/1081.yaml,orange(man),orange(bowl),1.0,1.0,1.0,0.6052373687426249,36.314242124557495
CCDiff-MetaShift,6,,configs/sweep_metashift_purity1.0_seed0/1082.yaml,orange(table),orange(bowl),0.5,0.5,0.5,0.08163818915685019,4.898291349411011
CCDiff-MetaShift,58,,configs/sweep_metashift_purity1.0_seed0/1083.yaml,poster(man),poster(wall),0.0,0.5,0.5,0.9720504681269329,58.32302808761597
CCDiff-MetaShift,62,,configs/sweep_metashift_purity1.0_seed0/1084.yaml,letter(sign),letter(wall),0.5,0.5,0.5,0.995510200659434,59.73061203956604
CCDiff-MetaShift,60,,configs/sweep_metashift_purity1.0_seed0/1085.yaml,coffee table(pillow),coffee table(lamp),0.5,0.5,0.5,0.9752133250236512,58.51279950141907
CCDiff-MetaShift,21,,configs/sweep_metashift_purity1.0_seed0/1086.yaml,coffee table(pillow),coffee table(television),0.0,0.5,0.5,0.31242765188217164,18.745659112930294
CCDiff-MetaShift,65,,configs/sweep_metashift_purity1.0_seed0/1087.yaml,coffee table(table),coffee table(chair),0.5,0.5,0.5,1.0842815478642782,65.05689287185669
CCDiff-MetaShift,7,,configs/sweep_metashift_purity1.0_seed0/1088.yaml,coffee table(table),coffee table(television),0.0,0.5,0.5,0.105914302666982,6.354858160018921
CCDiff-MetaShift,7,,configs/sweep_metashift_purity1.0_seed0/1089.yaml,coffee table(pillow),coffee table(table),0.0,0.5,0.5,0.1033725102742513,6.202350616455078
CCDiff-MetaShift,64,,configs/sweep_metashift_purity1.0_seed0/1090.yaml,couch(television),couch(books),0.5,1.0,1.0,1.0510008811950684,63.0600528717041
CCDiff-MetaShift,49,,configs/sweep_metashift_purity1.0_seed0/1091.yaml,couch(coffee table),couch(books),0.0,1.0,1.0,0.8043941577275594,48.263649463653564
CCDiff-MetaShift,60,,configs/sweep_metashift_purity1.0_seed0/1092.yaml,couch(rug),couch(man),0.5,0.5,0.5,0.9969504237174988,59.81702542304993
CCDiff-MetaShift,59,,configs/sweep_metashift_purity1.0_seed0/1093.yaml,couch(pillow),couch(pillows),0.0,0.5,0.5,0.9487627704938252,56.92576622962952
CCDiff-MetaShift,59,,configs/sweep_metashift_purity1.0_seed0/1094.yaml,couch(table),couch(book),0.5,0.5,0.5,0.9500230431556702,57.00138258934021
CCDiff-MetaShift,60,,configs/sweep_metashift_purity1.0_seed0/1095.yaml,blinds(window),blinds(man),0.0,0.5,0.5,0.962443788846334,57.74662733078003
CCDiff-MetaShift,47,,configs/sweep_metashift_purity1.0_seed0/1096.yaml,blinds(door),blinds(man),0.0,0.0,0.0,0.7764090498288473,46.584542989730835
CCDiff-MetaShift,5,,configs/sweep_metashift_purity1.0_seed0/1097.yaml,blinds(window),blinds(door),0.0,0.5,0.5,0.0630891760190328,3.785350561141968
CCDiff-MetaShift,15,,configs/sweep_metashift_purity1.0_seed0/1098.yaml,blinds(window),blinds(table),0.5,0.5,0.5,0.2373154878616333,14.238929271697998
CCDiff-MetaShift,5,,configs/sweep_metashift_purity1.0_seed0/1099.yaml,blinds(door),blinds(table),0.0,0.0,0.0,0.05636062224706014,3.3816373348236084
CCDiff-MetaShift,59,,configs/sweep_metashift_purity1.0_seed0/1100.yaml,blanket(person),blanket(lamp),0.0,0.0,0.0,0.9546686013539633,57.28011608123779
CCDiff-MetaShift,60,,configs/sweep_metashift_purity1.0_seed0/1101.yaml,blanket(sheet),blanket(dog),0.0,0.5,0.5,0.9475552360216776,56.85331416130066
CCDiff-MetaShift,60,,configs/sweep_metashift_purity1.0_seed0/1102.yaml,blanket(book),blanket(curtain),0.0,1.0,1.0,0.964961004257202,57.89766025543213
CCDiff-MetaShift,48,,configs/sweep_metashift_purity1.0_seed0/1103.yaml,blanket(bed),blanket(dog),0.5,1.0,1.0,0.7912143150965373,47.47285890579224
CCDiff-MetaShift,58,,configs/sweep_metashift_purity1.0_seed0/1104.yaml,blanket(man),blanket(chair),0.0,0.5,0.5,0.9541467229525248,57.24880337715149
CCDiff-MetaShift,58,,configs/sweep_metashift_purity1.0_seed0/1105.yaml,pillow(mirror),pillow(vase),0.5,0.5,0.5,0.9563170115152996,57.37902069091797
CCDiff-MetaShift,59,,configs/sweep_metashift_purity1.0_seed0/1106.yaml,pillow(shelf),pillow(dog),0.0,0.0,0.0,0.9797215898831684,58.78329539299011
CCDiff-MetaShift,59,,configs/sweep_metashift_purity1.0_seed0/1107.yaml,pillow(bedspread),pillow(book),0.5,0.5,0.5,0.9555601119995116,57.3336067199707
CCDiff-MetaShift,61,,configs/sweep_metashift_purity1.0_seed0/1108.yaml,pillow(clock),pillow(cat),0.0,0.0,0.0,0.9907146016756694,59.44287610054016
CCDiff-MetaShift,59,,configs/sweep_metashift_purity1.0_seed0/1109.yaml,pillow(remote control),pillow(curtain),0.0,0.0,0.0,0.9620781699816386,57.724690198898315
CCDiff-MetaShift,62,,configs/sweep_metashift_purity1.0_seed0/1110.yaml,remote control(picture),remote control(woman),0.0,0.5,0.5,1.0045559048652648,60.273354291915894
CCDiff-MetaShift,62,,configs/sweep_metashift_purity1.0_seed0/1111.yaml,remote control(chair),remote control(television),0.5,0.5,0.5,1.004362897078196,60.26177382469177
CCDiff-MetaShift,61,,configs/sweep_metashift_purity1.0_seed0/1112.yaml,remote control(couch),remote control(man),0.0,0.0,0.0,1.0001511216163634,60.00906729698181
CCDiff-MetaShift,43,,configs/sweep_metashift_purity1.0_seed0/1113.yaml,remote control(television),remote control(man),0.5,0.5,0.5,0.6771166721979777,40.62700033187866
CCDiff-MetaShift,52,,configs/sweep_metashift_purity1.0_seed0/1114.yaml,remote control(lamp),remote control(man),0.0,0.0,0.0,0.8314800461133321,49.88880276679993
CCDiff-MetaShift,60,,configs/sweep_metashift_purity1.0_seed0/1115.yaml,bottles(man),bottles(counter),0.0,0.5,0.5,0.968170420328776,58.09022521972656
CCDiff-MetaShift,48,,configs/sweep_metashift_purity1.0_seed0/1116.yaml,bottles(table),bottles(man),0.5,0.5,0.5,0.7888641158739725,47.331846952438354
CCDiff-MetaShift,5,,configs/sweep_metashift_purity1.0_seed0/1117.yaml,bottles(table),bottles(counter),0.0,0.0,0.0,0.05649165312449137,3.3894991874694824
CCDiff-MetaShift,47,,configs/sweep_metashift_purity1.0_seed0/1118.yaml,bottles(counter),bottles(shelf),0.0,0.0,0.0,0.7580668807029725,45.484012842178345
CCDiff-MetaShift,5,,configs/sweep_metashift_purity1.0_seed0/1119.yaml,bottles(man),bottles(shelf),0.0,0.5,0.5,0.06656505266825358,3.993903160095215
CCDiff-MetaShift,61,,configs/sweep_metashift_purity1.0_seed0/1120.yaml,controller(man),controller(table),0.0,1.0,1.0,0.9945384780565898,59.672308683395386
CCDiff-MetaShift,60,,configs/sweep_metashift_purity1.0_seed0/1121.yaml,sheet(pillow),sheet(blanket),0.0,0.5,0.5,0.982673728466034,58.96042370796203
CCDiff-MetaShift,47,,configs/sweep_metashift_purity1.0_seed0/1122.yaml,sheet(bed),sheet(blanket),1.0,1.0,1.0,0.7790906151135762,46.745436906814575
CCDiff-MetaShift,5,,configs/sweep_metashift_purity1.0_seed0/1123.yaml,sheet(pillow),sheet(bed),0.0,0.0,0.0,0.0644491712252299,3.866950273513794
CCDiff-MetaShift,60,,configs/sweep_metashift_purity1.0_seed0/1124.yaml,carpet(chair),carpet(table),0.0,0.5,0.5,0.9664869983990988,57.98921990394592
CCDiff-MetaShift,15,,configs/sweep_metashift_purity1.0_seed0/1125.yaml,carpet(chair),carpet(couch),0.0,0.5,0.5,0.2398209571838379,14.389257431030272
CCDiff-MetaShift,48,,configs/sweep_metashift_purity1.0_seed0/1126.yaml,carpet(bed),carpet(table),0.5,0.5,0.5,0.7748538494110108,46.491230964660645
CCDiff-MetaShift,16,,configs/sweep_metashift_purity1.0_seed0/1127.yaml,carpet(chair),carpet(floor),0.0,0.5,0.5,0.2450176239013672,14.701057434082031
CCDiff-MetaShift,46,,configs/sweep_metashift_purity1.0_seed0/1128.yaml,carpet(cat),carpet(chair),0.0,1.0,1.0,0.7520042379697164,45.12025427818298
CCDiff-MetaShift,59,,configs/sweep_metashift_purity1.0_seed0/1129.yaml,curtain(pillow),curtain(towel),0.0,0.0,0.0,0.9854827364285786,59.12896418571472
CCDiff-MetaShift,58,,configs/sweep_metashift_purity1.0_seed0/1130.yaml,curtain(cabinet),curtain(blanket),0.0,0.0,0.0,0.939142636458079,56.34855818748474
CCDiff-MetaShift,58,,configs/sweep_metashift_purity1.0_seed0/1131.yaml,curtain(door),curtain(faucet),0.0,0.0,0.0,0.944513221581777,56.670793294906616
CCDiff-MetaShift,47,,configs/sweep_metashift_purity1.0_seed0/1132.yaml,curtain(picture),curtain(faucet),0.0,0.0,0.0,0.7794769605000814,46.76861763000488
CCDiff-MetaShift,18,,configs/sweep_metashift_purity1.0_seed0/1133.yaml,curtain(pillow),curtain(toilet),0.0,0.0,0.0,0.2712289810180664,16.273738861083984
CCDiff-MetaShift,60,,configs/sweep_metashift_purity1.0_seed0/1134.yaml,mouse pad(desk),mouse pad(computer mouse),0.5,0.5,0.5,0.9852838476498922,59.11703085899353
CCDiff-MetaShift,48,,configs/sweep_metashift_purity1.0_seed0/1135.yaml,mouse pad(keyboard),mouse pad(computer mouse),0.5,0.5,0.5,0.7737972299257915,46.427833795547485
CCDiff-MetaShift,5,,configs/sweep_metashift_purity1.0_seed0/1136.yaml,mouse pad(keyboard),mouse pad(desk),0.5,0.5,0.5,0.05839569568634033,3.50374174118042
CCDiff-MetaShift,60,,configs/sweep_metashift_purity1.0_seed0/1137.yaml,speaker(man),speaker(television),0.0,1.0,1.0,0.9783912142117818,58.70347285270691
CCDiff-MetaShift,63,,configs/sweep_metashift_purity1.0_seed0/1138.yaml,speaker(keyboard),speaker(laptop),0.5,0.5,0.5,1.0268650849660237,61.611905097961426
CCDiff-MetaShift,63,,configs/sweep_metashift_purity1.0_seed0/1139.yaml,speaker(desk),speaker(table),0.5,0.5,0.5,1.018829071521759,61.12974429130554
CCDiff-MetaShift,5,,configs/sweep_metashift_purity1.0_seed0/1140.yaml,speaker(man),speaker(table),0.5,1.0,1.0,0.06864538987477621,4.118723392486572
CCDiff-MetaShift,52,,configs/sweep_metashift_purity1.0_seed0/1141.yaml,speaker(television),speaker(chair),0.5,0.5,0.5,0.8468945503234864,50.81367301940918
CCDiff-MetaShift,62,,configs/sweep_metashift_purity1.0_seed0/1142.yaml,monitor(computer mouse),monitor(computer),0.5,0.5,0.5,1.0226664066314697,61.359984397888184
CCDiff-MetaShift,60,,configs/sweep_metashift_purity1.0_seed0/1143.yaml,monitor(desk),monitor(man),1.0,1.0,1.0,0.9866634527842204,59.19980716705322
CCDiff-MetaShift,62,,configs/sweep_metashift_purity1.0_seed0/1144.yaml,monitor(keyboard),monitor(table),0.5,0.5,0.5,1.0151556452115378,60.90933871269226
CCDiff-MetaShift,49,,configs/sweep_metashift_purity1.0_seed0/1145.yaml,monitor(screen),monitor(man),0.5,0.5,0.5,0.804018771648407,48.24112629890442
CCDiff-MetaShift,5,,configs/sweep_metashift_purity1.0_seed0/1146.yaml,monitor(keyboard),monitor(man),0.5,0.5,0.5,0.06350832382837932,3.810499429702759
CCDiff-MetaShift,61,,configs/sweep_metashift_purity1.0_seed0/1147.yaml,silverware(plate),silverware(table),0.5,0.5,0.5,1.002199653784434,60.13197922706604
CCDiff-MetaShift,61,,configs/sweep_metashift_purity1.0_seed0/1148.yaml,utensil(plate),utensil(table),0.5,0.5,0.5,0.9996010700861612,59.97606420516968
CCDiff-MetaShift,55,,configs/sweep_metashift_purity1.0_seed0/1149.yaml,windows(train),windows(clock),0.5,0.5,0.5,0.8881457845369974,53.28874707221985
CCDiff-MetaShift,58,,configs/sweep_metashift_purity1.0_seed0/1150.yaml,skier(jacket),skier(pants),0.5,0.5,0.5,0.9364929835001627,56.189579010009766
CCDiff-MetaShift,46,,configs/sweep_metashift_purity1.0_seed0/1151.yaml,skier(goggles),skier(jacket),0.0,0.5,0.5,0.7360339363416036,44.162036180496216
CCDiff-MetaShift,16,,configs/sweep_metashift_purity1.0_seed0/1152.yaml,skier(goggles),skier(skis),0.5,0.5,0.5,0.2517127354939779,15.102764129638672
CCDiff-MetaShift,15,,configs/sweep_metashift_purity1.0_seed0/1153.yaml,skier(jacket),skier(pole),0.5,0.5,0.5,0.24206649462382,14.5239896774292
CCDiff-MetaShift,5,,configs/sweep_metashift_purity1.0_seed0/1154.yaml,skier(goggles),skier(pole),0.5,0.5,0.5,0.056139628092447914,3.368377685546875
CCDiff-MetaShift,62,,configs/sweep_metashift_purity1.0_seed0/1155.yaml,sandwich(bread),sandwich(food),0.5,0.5,0.5,1.0002259333928427,60.01355600357056
CCDiff-MetaShift,17,,configs/sweep_metashift_purity1.0_seed0/1156.yaml,sandwich(bread),sandwich(tomato),0.5,0.5,0.5,0.2446444829305013,14.678668975830078
CCDiff-MetaShift,17,,configs/sweep_metashift_purity1.0_seed0/1157.yaml,sandwich(bread),sandwich(lettuce),0.0,0.5,0.5,0.2459658026695251,14.757948160171509
CCDiff-MetaShift,62,,configs/sweep_metashift_purity1.0_seed0/1158.yaml,sandwich(plate),sandwich(napkin),1.0,1.0,1.0,1.0183195074399312,61.099170446395874
CCDiff-MetaShift,53,,configs/sweep_metashift_purity1.0_seed0/1159.yaml,sandwich(table),sandwich(bread),0.5,0.5,0.5,0.8624506950378418,51.74704170227051
CCDiff-MetaShift,59,,configs/sweep_metashift_purity1.0_seed0/1160.yaml,children(boy),children(people),0.5,0.5,0.5,0.9756560921669006,58.53936553001404
CCDiff-MetaShift,58,,configs/sweep_metashift_purity1.0_seed0/1161.yaml,children(man),children(shirt),0.5,0.5,0.5,0.9529100696245828,57.174604177474976
CCDiff-MetaShift,4,,configs/sweep_metashift_purity1.0_seed0/1162.yaml,children(man),children(people),0.5,0.5,0.5,0.05619835058848063,3.371901035308838
CCDiff-MetaShift,5,,configs/sweep_metashift_purity1.0_seed0/1163.yaml,children(boy),children(shirt),0.0,0.0,0.0,0.05503396987915039,3.302038192749023
CCDiff-MetaShift,5,,configs/sweep_metashift_purity1.0_seed0/1164.yaml,children(boy),children(man),0.5,0.5,0.5,0.05840656757354736,3.504394054412842
CCDiff-MetaShift,60,,configs/sweep_metashift_purity1.0_seed0/1165.yaml,chairs(person),chairs(man),0.0,0.5,0.5,0.9837128798166912,59.022772789001465
CCDiff-MetaShift,48,,configs/sweep_metashift_purity1.0_seed0/1166.yaml,chairs(man),chairs(woman),0.0,0.0,0.0,0.787065343062083,47.223920583724976
CCDiff-MetaShift,16,,configs/sweep_metashift_purity1.0_seed0/1167.yaml,chairs(person),chairs(people),0.0,0.0,0.0,0.24733877182006836,14.840326309204102
CCDiff-MetaShift,50,,configs/sweep_metashift_purity1.0_seed0/1168.yaml,chairs(table),chairs(people),0.0,0.5,0.5,0.8048854827880859,48.29312896728515
CCDiff-MetaShift,5,,configs/sweep_metashift_purity1.0_seed0/1169.yaml,chairs(person),chairs(woman),0.0,0.5,0.5,0.06891396443049112,4.134837865829468
CCDiff-MetaShift,62,,configs/sweep_metashift_purity1.0_seed0/1170.yaml,air(skateboard),air(boy),1.0,1.0,1.0,1.0161248366038005,60.96749019622803
CCDiff-MetaShift,61,,configs/sweep_metashift_purity1.0_seed0/1171.yaml,air(frisbee),air(ball),1.0,1.0,1.0,0.993935497601827,59.63612985610962
CCDiff-MetaShift,39,,configs/sweep_metashift_purity1.0_seed0/1172.yaml,air(ball),air(skateboard),0.5,0.5,0.5,0.6424525578816732,38.54715347290039
CCDiff-MetaShift,61,,configs/sweep_metashift_purity1.0_seed0/1173.yaml,air(person),air(kite),1.0,1.0,1.0,0.985311750570933,59.11870503425598
CCDiff-MetaShift,37,,configs/sweep_metashift_purity1.0_seed0/1174.yaml,air(kite),air(boy),0.5,1.0,1.0,0.6079790711402893,36.47874426841736
CCDiff-MetaShift,63,,configs/sweep_metashift_purity1.0_seed0/1175.yaml,bookshelf(books),bookshelf(book),0.0,0.0,0.0,1.040584667523702,62.43508005142212
CCDiff-MetaShift,63,,configs/sweep_metashift_purity1.0_seed0/1176.yaml,bookshelf(wall),bookshelf(chair),0.0,0.0,0.0,1.0119334975878398,60.716009855270386
CCDiff-MetaShift,40,,configs/sweep_metashift_purity1.0_seed0/1177.yaml,bookshelf(book),bookshelf(chair),0.5,0.5,0.5,0.6553462584813435,39.320775508880615
CCDiff-MetaShift,5,,configs/sweep_metashift_purity1.0_seed0/1178.yaml,bookshelf(wall),bookshelf(book),0.0,0.0,0.0,0.06121954917907715,3.673172950744629
CCDiff-MetaShift,6,,configs/sweep_metashift_purity1.0_seed0/1179.yaml,bookshelf(wall),bookshelf(books),0.0,0.0,0.0,0.06537884871164958,3.9227309226989746
CCDiff-MetaShift,63,,configs/sweep_metashift_purity1.0_seed0/1180.yaml,shelves(shelf),shelves(wall),0.0,0.0,0.0,1.0291002114613852,61.746012687683105
CCDiff-MetaShift,60,,configs/sweep_metashift_purity1.0_seed0/1181.yaml,microwave(cabinet),microwave(table),0.5,0.5,0.5,0.9686744928359984,58.12046957015991
CCDiff-MetaShift,57,,configs/sweep_metashift_purity1.0_seed0/1182.yaml,microwave(oven),microwave(cabinets),0.5,0.5,0.5,0.9429118235905966,56.57470941543579
CCDiff-MetaShift,48,,configs/sweep_metashift_purity1.0_seed0/1183.yaml,microwave(counter),microwave(cabinets),0.5,0.5,0.5,0.7607335011164348,45.64401006698608
CCDiff-MetaShift,4,,configs/sweep_metashift_purity1.0_seed0/1184.yaml,microwave(counter),microwave(oven),0.5,0.5,0.5,0.05775661071141561,3.4653966426849365
CCDiff-MetaShift,49,,configs/sweep_metashift_purity1.0_seed0/1185.yaml,microwave(refrigerator),microwave(cabinets),0.5,1.0,1.0,0.7775386889775594,46.652321338653564
CCDiff-MetaShift,61,,configs/sweep_metashift_purity1.0_seed0/1186.yaml,animal(dirt),animal(fence),0.5,0.5,0.5,0.9922157804171244,59.532946825027466
CCDiff-MetaShift,51,,configs/sweep_metashift_purity1.0_seed0/1187.yaml,animal(fence),animal(ground),1.0,1.0,1.0,0.8428609689076741,50.57165813446045
CCDiff-MetaShift,65,,configs/sweep_metashift_purity1.0_seed0/1188.yaml,animal(grass),animal(man),0.5,1.0,1.0,1.0611682017644246,63.67009210586548
CCDiff-MetaShift,17,,configs/sweep_metashift_purity1.0_seed0/1189.yaml,animal(fence),animal(tree),1.0,1.0,1.0,0.26354429324467976,15.812657594680786
CCDiff-MetaShift,5,,configs/sweep_metashift_purity1.0_seed0/1190.yaml,animal(dirt),animal(ground),0.5,0.5,0.5,0.0800777554512024,4.804665327072144
CCDiff-MetaShift,63,,configs/sweep_metashift_purity1.0_seed0/1191.yaml,stairs(woman),stairs(man),0.0,0.0,0.0,1.011509915192922,60.69059491157532
CCDiff-MetaShift,50,,configs/sweep_metashift_purity1.0_seed0/1192.yaml,stairs(man),stairs(building),0.5,0.5,0.5,0.8128443161646525,48.77065896987915
CCDiff-MetaShift,51,,configs/sweep_metashift_purity1.0_seed0/1193.yaml,stairs(building),stairs(person),0.0,1.0,1.0,0.8164454380671183,48.9867262840271
CCDiff-MetaShift,50,,configs/sweep_metashift_purity1.0_seed0/1194.yaml,stairs(people),stairs(man),0.0,0.0,0.0,0.8029758294423421,48.17854976654053
CCDiff-MetaShift,5,,configs/sweep_metashift_purity1.0_seed0/1195.yaml,stairs(people),stairs(person),0.0,0.0,0.0,0.0564307967821757,3.385847806930542
CCDiff-MetaShift,62,,configs/sweep_metashift_purity1.0_seed0/1196.yaml,baseball(man),baseball(player),0.5,0.5,0.5,0.9982453028361002,59.894718170166016
CCDiff-MetaShift,50,,configs/sweep_metashift_purity1.0_seed0/1197.yaml,baseball(catcher),baseball(man),0.0,0.5,0.5,0.8169908642768859,49.01945185661316
CCDiff-MetaShift,16,,configs/sweep_metashift_purity1.0_seed0/1198.yaml,baseball(catcher),baseball(fence),0.5,0.5,0.5,0.24932918151219685,14.959750890731812
CCDiff-MetaShift,37,,configs/sweep_metashift_purity1.0_seed0/1199.yaml,baseball(player),baseball(fence),1.0,1.0,1.0,0.6154470801353454,36.92682480812073
CCDiff-MetaShift,49,,configs/sweep_metashift_purity1.0_seed0/1200.yaml,baseball(helmet),baseball(man),0.5,0.5,0.5,0.8058757026990254,48.35254216194153
CCDiff-MetaShift,61,,configs/sweep_metashift_purity1.0_seed0/1201.yaml,home plate(man),home plate(umpire),0.5,0.5,0.5,0.9961413224538168,59.76847934722901
CCDiff-MetaShift,50,,configs/sweep_metashift_purity1.0_seed0/1202.yaml,home plate(umpire),home plate(dirt),0.0,0.5,0.5,0.8036100387573242,48.21660232543945
CCDiff-MetaShift,62,,configs/sweep_metashift_purity1.0_seed0/1203.yaml,home plate(catcher),home plate(batter),0.5,0.5,0.5,1.0059710343678792,60.358262062072754
CCDiff-MetaShift,5,,configs/sweep_metashift_purity1.0_seed0/1204.yaml,home plate(umpire),home plate(batter),0.0,0.0,0.0,0.06556841532389322,3.9341049194335938
CCDiff-MetaShift,51,,configs/sweep_metashift_purity1.0_seed0/1205.yaml,home plate(dirt),home plate(player),0.0,0.0,0.0,0.8256268978118897,49.53761386871338
CCDiff-MetaShift,59,,configs/sweep_metashift_purity1.0_seed0/1206.yaml,hill(sky),hill(man),0.0,0.0,0.0,0.9753385225931804,58.52031135559082
CCDiff-MetaShift,62,,configs/sweep_metashift_purity1.0_seed0/1207.yaml,hill(fence),hill(cow),1.0,1.0,1.0,0.9987406651178996,59.924439907073975
CCDiff-MetaShift,50,,configs/sweep_metashift_purity1.0_seed0/1208.yaml,hill(woman),hill(fence),0.0,0.5,0.5,0.8055631677309673,48.33379006385803
CCDiff-MetaShift,50,,configs/sweep_metashift_purity1.0_seed0/1209.yaml,hill(trees),hill(cow),0.0,0.0,0.0,0.8145425041516622,48.87255024909973
CCDiff-MetaShift,5,,configs/sweep_metashift_purity1.0_seed0/1210.yaml,hill(sky),hill(trees),0.0,0.0,0.0,0.07843950192133585,4.706370115280151
CCDiff-MetaShift,60,,configs/sweep_metashift_purity1.0_seed0/1211.yaml,players(man),players(shirt),0.5,0.5,0.5,0.9806908766428628,58.84145259857178
CCDiff-MetaShift,65,,configs/sweep_metashift_purity1.0_seed0/1212.yaml,living room(couch),living room(table),0.0,0.5,0.5,1.0392683188120524,62.356099128723145
CCDiff-MetaShift,16,,configs/sweep_metashift_purity1.0_seed0/1213.yaml,living room(couch),living room(lamp),0.5,0.5,0.5,0.24423331022262573,14.653998613357544
CCDiff-MetaShift,51,,configs/sweep_metashift_purity1.0_seed0/1214.yaml,living room(chair),living room(table),0.5,0.5,0.5,0.825566812356313,49.534008741378784
CCDiff-MetaShift,5,,configs/sweep_metashift_purity1.0_seed0/1215.yaml,living room(chair),living room(couch),0.5,0.5,0.5,0.05946814219156901,3.5680885314941406
CCDiff-MetaShift,4,,configs/sweep_metashift_purity1.0_seed0/1216.yaml,living room(chair),living room(lamp),0.5,0.5,0.5,0.0517849326133728,3.107095956802368
CCDiff-MetaShift,65,,configs/sweep_metashift_purity1.0_seed0/1217.yaml,television(chair),television(bed),0.5,1.0,1.0,1.054338256518046,63.26029539108277
CCDiff-MetaShift,16,,configs/sweep_metashift_purity1.0_seed0/1218.yaml,television(chair),television(books),1.0,1.0,1.0,0.25304657220840454,15.182794332504272
CCDiff-MetaShift,66,,configs/sweep_metashift_purity1.0_seed0/1219.yaml,television(book),television(bag),0.0,0.0,0.0,1.079101844628652,64.74611067771912
CCDiff-MetaShift,66,,configs/sweep_metashift_purity1.0_seed0/1220.yaml,television(pillow),television(lamp),0.5,0.5,0.5,1.057906405131022,63.47438430786133
CCDiff-MetaShift,52,,configs/sweep_metashift_purity1.0_seed0/1221.yaml,television(couch),television(bag),0.5,1.0,1.0,0.8375681718190511,50.254090309143066
CCDiff-MetaShift,56,,configs/sweep_metashift_purity1.0_seed0/1222.yaml,bathtub(faucet),bathtub(curtain),0.5,0.5,0.5,0.9141762216885884,54.85057330131531
CCDiff-MetaShift,57,,configs/sweep_metashift_purity1.0_seed0/1223.yaml,bathtub(mirror),bathtub(toilet),0.5,0.5,0.5,0.93839244445165,56.303546667099
CCDiff-MetaShift,16,,configs/sweep_metashift_purity1.0_seed0/1224.yaml,bathtub(mirror),bathtub(towel),0.5,1.0,1.0,0.23609328667322796,14.165597200393677
CCDiff-MetaShift,46,,configs/sweep_metashift_purity1.0_seed0/1225.yaml,bathtub(wall),bathtub(toilet),0.5,0.5,0.5,0.7389912366867065,44.33947420120239
CCDiff-MetaShift,45,,configs/sweep_metashift_purity1.0_seed0/1226.yaml,bathtub(window),bathtub(curtain),0.5,0.5,0.5,0.733491822083791,44.009509325027466
CCDiff-MetaShift,62,,configs/sweep_metashift_purity1.0_seed0/1227.yaml,candle(chair),candle(plate),0.0,0.5,0.5,1.0191818992296855,61.15091395378113
CCDiff-MetaShift,62,,configs/sweep_metashift_purity1.0_seed0/1228.yaml,candle(table),candle(cake),0.0,1.0,1.0,1.0062621315320333,60.375727891922
CCDiff-MetaShift,38,,configs/sweep_metashift_purity1.0_seed0/1229.yaml,candle(cake),candle(plate),1.0,1.0,1.0,0.6136779189109802,36.82067513465881
CCDiff-MetaShift,51,,configs/sweep_metashift_purity1.0_seed0/1230.yaml,candle(plate),candle(man),0.5,0.5,0.5,0.8274184981981914,49.64510989189148
CCDiff-MetaShift,6,,configs/sweep_metashift_purity1.0_seed0/1231.yaml,candle(table),candle(chair),0.0,0.5,0.5,0.07439588705698649,4.4637532234191895
CCDiff-MetaShift,66,,configs/sweep_metashift_purity1.0_seed0/1232.yaml,pillows(bed),pillows(lamp),0.5,0.5,0.5,1.0770207524299622,64.62124514579773
CCDiff-MetaShift,47,,configs/sweep_metashift_purity1.0_seed0/1233.yaml,pillows(blanket),pillows(lamp),0.5,0.5,0.5,0.7832944711049398,46.99766826629639
CCDiff-MetaShift,16,,configs/sweep_metashift_purity1.0_seed0/1234.yaml,pillows(blanket),pillows(chair),0.5,0.5,0.5,0.2512825210889181,15.076951265335085
CCDiff-MetaShift,37,,configs/sweep_metashift_purity1.0_seed0/1235.yaml,pillows(lamp),pillows(chair),0.0,0.0,0.0,0.5975177566210429,35.85106539726257
CCDiff-MetaShift,17,,configs/sweep_metashift_purity1.0_seed0/1236.yaml,pillows(bed),pillows(couch),0.5,0.5,0.5,0.26546351114908856,15.927810668945312
CCDiff-MetaShift,62,,configs/sweep_metashift_purity1.0_seed0/1237.yaml,bat(baseball),bat(fence),0.5,1.0,1.0,1.0152241746584574,60.913450479507446
CCDiff-MetaShift,49,,configs/sweep_metashift_purity1.0_seed0/1238.yaml,bat(fence),bat(ball),0.0,0.0,0.0,0.7945744434992472,47.674466609954834
CCDiff-MetaShift,5,,configs/sweep_metashift_purity1.0_seed0/1239.yaml,bat(baseball),bat(ball),0.5,0.5,0.5,0.058444329102834064,3.506659746170044
CCDiff-MetaShift,61,,configs/sweep_metashift_purity1.0_seed0/1240.yaml,pepperoni(pizza),pepperoni(plate),0.5,1.0,1.0,0.9979646325111388,59.877877950668335
CCDiff-MetaShift,48,,configs/sweep_metashift_purity1.0_seed0/1241.yaml,pepperoni(cheese),pepperoni(plate),0.5,0.5,0.5,0.770441464583079,46.22648787498474
CCDiff-MetaShift,4,,configs/sweep_metashift_purity1.0_seed0/1242.yaml,pepperoni(cheese),pepperoni(pizza),0.5,0.5,0.5,0.058212641874949136,3.492758512496948
CCDiff-MetaShift,59,,configs/sweep_metashift_purity1.0_seed0/1243.yaml,snowboard(snow),snowboard(person),0.0,0.5,0.5,0.9713398655255636,58.28039193153381
CCDiff-MetaShift,60,,configs/sweep_metashift_purity1.0_seed0/1244.yaml,snowboard(people),snowboard(helmet),1.0,1.0,1.0,0.9726367235183716,58.358203411102295
CCDiff-MetaShift,35,,configs/sweep_metashift_purity1.0_seed0/1245.yaml,snowboard(helmet),snowboard(person),0.0,0.5,0.5,0.5716267466545105,34.29760479927063
CCDiff-MetaShift,17,,configs/sweep_metashift_purity1.0_seed0/1246.yaml,snowboard(people),snowboard(man),1.0,1.0,1.0,0.25704166491826375,15.422499895095823
CCDiff-MetaShift,37,,configs/sweep_metashift_purity1.0_seed0/1247.yaml,snowboard(person),snowboard(man),0.5,1.0,1.0,0.5733777006467183,34.4026620388031
CCDiff-MetaShift,60,,configs/sweep_metashift_purity1.0_seed0/1248.yaml,oven(cabinets),oven(towel),0.5,0.5,0.5,0.954276696840922,57.25660181045532
CCDiff-MetaShift,59,,configs/sweep_metashift_purity1.0_seed0/1249.yaml,oven(wall),oven(drawer),0.5,0.5,0.5,0.9768855094909668,58.61313056945801
CCDiff-MetaShift,57,,configs/sweep_metashift_purity1.0_seed0/1250.yaml,oven(cabinet),oven(table),0.5,0.5,0.5,0.9228824734687804,55.37294840812683
CCDiff-MetaShift,17,,configs/sweep_metashift_purity1.0_seed0/1251.yaml,oven(wall),oven(counter),0.5,0.5,0.5,0.26032342116038004,15.619405269622805
CCDiff-MetaShift,47,,configs/sweep_metashift_purity1.0_seed0/1252.yaml,oven(refrigerator),oven(cabinets),0.5,1.0,1.0,0.7531648437182109,45.18989062309265
CCDiff-MetaShift,62,,configs/sweep_metashift_purity1.0_seed0/1253.yaml,tent(person),tent(woman),0.0,0.0,0.0,1.0278080860773722,61.668485164642334
CCDiff-MetaShift,51,,configs/sweep_metashift_purity1.0_seed0/1254.yaml,tent(man),tent(woman),0.0,0.0,0.0,0.8370422522226969,50.222535133361816
CCDiff-MetaShift,16,,configs/sweep_metashift_purity1.0_seed0/1255.yaml,tent(person),tent(people),0.0,0.0,0.0,0.25730287631352744,15.438172578811646
CCDiff-MetaShift,6,,configs/sweep_metashift_purity1.0_seed0/1256.yaml,tent(person),tent(man),0.0,0.5,0.5,0.06095333894093832,3.657200336456299
CCDiff-MetaShift,38,,configs/sweep_metashift_purity1.0_seed0/1257.yaml,tent(woman),tent(people),0.0,0.0,0.0,0.6272309939066569,37.633859634399414
CCDiff-MetaShift,63,,configs/sweep_metashift_purity1.0_seed0/1258.yaml,umpire(catcher),umpire(player),0.0,0.0,0.0,1.0242891788482666,61.457350730896
CCDiff-MetaShift,50,,configs/sweep_metashift_purity1.0_seed0/1259.yaml,umpire(player),umpire(fence),0.0,1.0,1.0,0.8235782583554586,49.414695501327515
CCDiff-MetaShift,63,,configs/sweep_metashift_purity1.0_seed0/1260.yaml,umpire(uniform),umpire(man),0.0,0.0,0.0,1.0028031826019288,60.16819095611572
CCDiff-MetaShift,60,,configs/sweep_metashift_purity1.0_seed0/1261.yaml,umpire(dirt),umpire(helmet),0.0,0.0,0.0,0.9939291993776956,59.63575196266174
CCDiff-MetaShift,59,,configs/sweep_metashift_purity1.0_seed0/1262.yaml,umpire(mask),umpire(shoe),0.0,0.0,0.0,0.9548402865727742,57.290417194366455
CCDiff-MetaShift,60,,configs/sweep_metashift_purity1.0_seed0/1263.yaml,vase(cabinet),vase(lamp),0.0,0.0,0.0,0.9679912249247232,58.0794734954834
CCDiff-MetaShift,63,,configs/sweep_metashift_purity1.0_seed0/1264.yaml,vase(table),vase(bowl),1.0,1.0,1.0,1.032909878094991,61.97459268569946
CCDiff-MetaShift,62,,configs/sweep_metashift_purity1.0_seed0/1265.yaml,vase(picture),vase(shelf),0.0,0.0,0.0,1.017739979426066,61.064398765563965
CCDiff-MetaShift,49,,configs/sweep_metashift_purity1.0_seed0/1266.yaml,vase(counter),vase(picture),0.0,0.0,0.0,0.7903139750162761,47.41883850097656
CCDiff-MetaShift,60,,configs/sweep_metashift_purity1.0_seed0/1267.yaml,vase(couch),vase(woman),0.5,0.5,0.5,1.002527324358622,60.151639461517334
CCDiff-MetaShift,59,,configs/sweep_metashift_purity1.0_seed0/1268.yaml,cabinets(sink),cabinets(microwave),0.5,0.5,0.5,0.9602891763051352,57.617350578308105
CCDiff-MetaShift,49,,configs/sweep_metashift_purity1.0_seed0/1269.yaml,cabinets(table),cabinets(microwave),0.0,0.5,0.5,0.7838612834612528,47.03167700767517
CCDiff-MetaShift,57,,configs/sweep_metashift_purity1.0_seed0/1270.yaml,cabinets(faucet),cabinets(counter),0.5,0.5,0.5,0.9331165353457131,55.9869921207428
CCDiff-MetaShift,5,,configs/sweep_metashift_purity1.0_seed0/1271.yaml,cabinets(sink),cabinets(counter),0.5,0.5,0.5,0.06852083603541057,4.111250162124634
CCDiff-MetaShift,57,,configs/sweep_metashift_purity1.0_seed0/1272.yaml,cabinets(refrigerator),cabinets(stove),0.5,0.5,0.5,0.924345354239146,55.460721254348755
CCDiff-MetaShift,59,,configs/sweep_metashift_purity1.0_seed0/1273.yaml,burner(oven),burner(stove),0.5,0.5,0.5,0.9637359023094176,57.82415413856506
CCDiff-MetaShift,64,,configs/sweep_metashift_purity1.0_seed0/1274.yaml,painting(wall),painting(lamp),0.0,0.0,0.0,1.0371312816937766,62.22787690162659
CCDiff-MetaShift,51,,configs/sweep_metashift_purity1.0_seed0/1275.yaml,painting(chair),painting(wall),0.0,0.5,0.5,0.8300633589426677,49.80380153656006
CCDiff-MetaShift,18,,configs/sweep_metashift_purity1.0_seed0/1276.yaml,painting(chair),painting(man),0.5,0.5,0.5,0.25844671328862506,15.506802797317505
CCDiff-MetaShift,38,,configs/sweep_metashift_purity1.0_seed0/1277.yaml,painting(lamp),painting(man),0.0,0.0,0.0,0.6076791048049927,36.46074628829956
CCDiff-MetaShift,6,,configs/sweep_metashift_purity1.0_seed0/1278.yaml,painting(wall),painting(man),0.0,0.0,0.0,0.06799171368281047,4.079502820968628
CCDiff-MetaShift,63,,configs/sweep_metashift_purity1.0_seed0/1279.yaml,curtains(lamp),curtains(chair),0.0,0.0,0.0,1.02995822429657,61.79749345779419
CCDiff-MetaShift,50,,configs/sweep_metashift_purity1.0_seed0/1280.yaml,curtains(window),curtains(lamp),0.0,0.0,0.0,0.8122936566670735,48.737619400024414
CCDiff-MetaShift,51,,configs/sweep_metashift_purity1.0_seed0/1281.yaml,curtains(chair),curtains(pillow),0.5,0.5,0.5,0.8290014545122782,49.740087270736694
CCDiff-MetaShift,50,,configs/sweep_metashift_purity1.0_seed0/1282.yaml,curtains(table),curtains(chair),0.5,0.5,0.5,0.8259786446889241,49.55871868133545
CCDiff-MetaShift,5,,configs/sweep_metashift_purity1.0_seed0/1283.yaml,curtains(window),curtains(pillow),0.0,0.5,0.5,0.07048265933990479,4.228959560394287
CCDiff-MetaShift,63,,configs/sweep_metashift_purity1.0_seed0/1284.yaml,moss(rock),moss(tree),0.0,0.0,0.0,1.0405638058980309,62.43382835388184
CCDiff-MetaShift,56,,configs/sweep_metashift_purity1.0_seed0/1285.yaml,countertop(cabinet),countertop(bottle),0.5,0.5,0.5,0.93242476383845,55.94548583030701
CCDiff-MetaShift,61,,configs/sweep_metashift_purity1.0_seed0/1286.yaml,steps(building),steps(person),0.0,0.0,0.0,1.0116634964942932,60.69980978965759
CCDiff-MetaShift,17,,configs/sweep_metashift_purity1.0_seed0/1287.yaml,steps(building),steps(door),0.0,0.0,0.0,0.26000929276148477,15.600557565689089
CCDiff-MetaShift,50,,configs/sweep_metashift_purity1.0_seed0/1288.yaml,steps(door),steps(man),0.0,0.5,0.5,0.8036643703778584,48.21986222267151
CCDiff-MetaShift,38,,configs/sweep_metashift_purity1.0_seed0/1289.yaml,steps(person),steps(man),0.0,0.0,0.0,0.6356788158416748,38.14072895050049
CCDiff-MetaShift,5,,configs/sweep_metashift_purity1.0_seed0/1290.yaml,steps(building),steps(man),0.0,0.0,0.0,0.06408316691716512,3.8449900150299072
CCDiff-MetaShift,65,,configs/sweep_metashift_purity1.0_seed0/1291.yaml,paddle(water),paddle(man),0.5,0.5,0.5,1.0578904589017233,63.473427534103394
CCDiff-MetaShift,49,,configs/sweep_metashift_purity1.0_seed0/1292.yaml,paddle(man),paddle(boat),0.0,0.5,0.5,0.8034613609313965,48.20768165588379
CCDiff-MetaShift,5,,configs/sweep_metashift_purity1.0_seed0/1293.yaml,paddle(water),paddle(boat),0.5,0.5,0.5,0.06523895263671875,3.914337158203125
CCDiff-MetaShift,62,,configs/sweep_metashift_purity1.0_seed0/1294.yaml,forest(trees),forest(man),0.0,0.0,0.0,1.0067218621571858,60.40331172943115
CCDiff-MetaShift,64,,configs/sweep_metashift_purity1.0_seed0/1295.yaml,computer monitor(keyboard),computer monitor(desk),0.5,0.5,0.5,1.0366885900497436,62.20131540298462
CCDiff-MetaShift,52,,configs/sweep_metashift_purity1.0_seed0/1296.yaml,computer monitor(computer mouse),computer monitor(desk),0.0,0.0,0.0,0.8515077153841655,51.09046292304993
CCDiff-MetaShift,5,,configs/sweep_metashift_purity1.0_seed0/1297.yaml,computer monitor(keyboard),computer monitor(computer mouse),0.5,0.5,0.5,0.05709418455759684,3.4256510734558105
CCDiff-MetaShift,61,,configs/sweep_metashift_purity1.0_seed0/1298.yaml,river(boat),river(man),1.0,1.0,1.0,1.0123562812805176,60.741376876831055
CCDiff-MetaShift,59,,configs/sweep_metashift_purity1.0_seed0/1299.yaml,batter(glove),batter(fence),0.5,0.5,0.5,0.9725766976674398,58.35460186004639
CCDiff-MetaShift,60,,configs/sweep_metashift_purity1.0_seed0/1300.yaml,batter(helmet),batter(uniform),0.5,0.5,0.5,0.9787317276000976,58.72390365600586
CCDiff-MetaShift,49,,configs/sweep_metashift_purity1.0_seed0/1301.yaml,batter(home plate),batter(uniform),0.5,1.0,1.0,0.7782252709070842,46.69351625442505
CCDiff-MetaShift,17,,configs/sweep_metashift_purity1.0_seed0/1302.yaml,batter(helmet),batter(pants),0.5,0.5,0.5,0.2608688235282898,15.652129411697388
CCDiff-MetaShift,58,,configs/sweep_metashift_purity1.0_seed0/1303.yaml,batter(catcher),batter(player),0.5,0.5,0.5,0.9577808459599813,57.46685075759888
CCDiff-MetaShift,62,,configs/sweep_metashift_purity1.0_seed0/1304.yaml,beer(glass),beer(plate),0.5,0.5,0.5,1.007654356956482,60.45926141738891
CCDiff-MetaShift,16,,configs/sweep_metashift_purity1.0_seed0/1305.yaml,beer(glass),beer(man),0.0,0.5,0.5,0.2621906836827596,15.731441020965576
CCDiff-MetaShift,52,,configs/sweep_metashift_purity1.0_seed0/1306.yaml,beer(table),beer(plate),0.0,0.5,0.5,0.8359511454900106,50.157068729400635
CCDiff-MetaShift,5,,configs/sweep_metashift_purity1.0_seed0/1307.yaml,beer(table),beer(glass),0.5,0.5,0.5,0.058737583955128986,3.5242550373077393
CCDiff-MetaShift,5,,configs/sweep_metashift_purity1.0_seed0/1308.yaml,beer(table),beer(man),0.5,0.5,0.5,0.060069036483764646,3.604142189025879
CCDiff-MetaShift,62,,configs/sweep_metashift_purity1.0_seed0/1309.yaml,donut(man),donut(table),0.5,0.5,0.5,1.0243553837140402,61.46132302284241
CCDiff-MetaShift,19,,configs/sweep_metashift_purity1.0_seed0/1310.yaml,donut(man),donut(sprinkles),1.0,1.0,1.0,0.2638680259386698,15.83208155632019
CCDiff-MetaShift,38,,configs/sweep_metashift_purity1.0_seed0/1311.yaml,donut(table),donut(sprinkles),0.5,0.5,0.5,0.613947602113088,36.83685612678528
CCDiff-MetaShift,63,,configs/sweep_metashift_purity1.0_seed0/1312.yaml,tennis ball(fence),tennis ball(woman),0.0,0.0,0.0,1.0424118002255758,62.544708013534546
CCDiff-MetaShift,18,,configs/sweep_metashift_purity1.0_seed0/1313.yaml,tennis ball(fence),tennis ball(man),0.0,0.0,0.0,0.26579466263453166,15.9476797580719
CCDiff-MetaShift,17,,configs/sweep_metashift_purity1.0_seed0/1314.yaml,tennis ball(fence),tennis ball(racket),0.0,0.0,0.0,0.2606721997261047,15.640331983566284
CCDiff-MetaShift,38,,configs/sweep_metashift_purity1.0_seed0/1315.yaml,tennis ball(racket),tennis ball(man),0.5,0.5,0.5,0.6158777515093485,36.95266509056091
CCDiff-MetaShift,39,,configs/sweep_metashift_purity1.0_seed0/1316.yaml,tennis ball(woman),tennis ball(man),0.5,1.0,1.0,0.6299482901891073,37.796897411346436
CCDiff-MetaShift,64,,configs/sweep_metashift_purity1.0_seed0/1317.yaml,trash can(man),trash can(bench),0.0,0.5,0.5,1.0552253603935242,63.31352162361145
CCDiff-MetaShift,50,,configs/sweep_metashift_purity1.0_seed0/1318.yaml,trash can(bench),trash can(counter),0.0,0.0,0.0,0.8169987599054972,49.019925594329834
CCDiff-MetaShift,60,,configs/sweep_metashift_purity1.0_seed0/1319.yaml,trash can(people),trash can(person),0.0,0.0,0.0,0.9769891858100892,58.61935114860535
CCDiff-MetaShift,61,,configs/sweep_metashift_purity1.0_seed0/1320.yaml,trash can(floor),trash can(sink),0.0,0.0,0.0,0.985239831606547,59.11438989639282
CCDiff-MetaShift,59,,configs/sweep_metashift_purity1.0_seed0/1321.yaml,trash can(woman),trash can(chair),0.0,0.0,0.0,0.9726657549540202,58.35994529724121
CCDiff-MetaShift,64,,configs/sweep_metashift_purity1.0_seed0/1322.yaml,chain(fire hydrant),chain(pole),1.0,1.0,1.0,1.056469551722209,63.38817310333252
CCDiff-MetaShift,63,,configs/sweep_metashift_purity1.0_seed0/1323.yaml,branch(giraffe),branch(bird),1.0,1.0,1.0,1.0288460652033489,61.73076391220093
CCDiff-MetaShift,59,,configs/sweep_metashift_purity1.0_seed0/1324.yaml,umbrellas(people),umbrellas(man),1.0,1.0,1.0,0.9618208010991416,57.709248065948486
CCDiff-MetaShift,18,,configs/sweep_metashift_purity1.0_seed0/1325.yaml,umbrellas(people),umbrellas(person),1.0,1.0,1.0,0.2642212470372518,15.853274822235107
CCDiff-MetaShift,38,,configs/sweep_metashift_purity1.0_seed0/1326.yaml,umbrellas(man),umbrellas(person),0.5,0.5,0.5,0.60313694079717,36.1882164478302
CCDiff-MetaShift,64,,configs/sweep_metashift_purity1.0_seed0/1327.yaml,bun(food),bun(plate),0.5,0.5,0.5,1.0514235377311707,63.08541226387024
CCDiff-MetaShift,51,,configs/sweep_metashift_purity1.0_seed0/1328.yaml,bun(hot dog),bun(food),0.5,1.0,1.0,0.8262692252794902,49.57615351676941
CCDiff-MetaShift,5,,configs/sweep_metashift_purity1.0_seed0/1329.yaml,bun(hot dog),bun(plate),0.5,0.5,0.5,0.06341392596562703,3.804835557937622
CCDiff-MetaShift,61,,configs/sweep_metashift_purity1.0_seed0/1330.yaml,hills(water),hills(trees),0.0,0.0,0.0,1.0077836831410727,60.467020988464355
CCDiff-MetaShift,59,,configs/sweep_metashift_purity1.0_seed0/1331.yaml,pine trees(snow),pine trees(man),0.0,0.0,0.0,0.9701661507288616,58.20996904373169
CCDiff-MetaShift,61,,configs/sweep_metashift_purity1.0_seed0/1332.yaml,clock tower(building),clock tower(clock),1.0,1.0,1.0,0.9760069251060486,58.560415506362915
CCDiff-MetaShift,64,,configs/sweep_metashift_purity1.0_seed0/1333.yaml,street sign(pole),street sign(post),1.0,1.0,1.0,1.052894083658854,63.17364501953125
CCDiff-MetaShift,59,,configs/sweep_metashift_purity1.0_seed0/1334.yaml,shower(faucet),shower(towel),0.5,0.5,0.5,0.9497721513112386,56.98632907867432
CCDiff-MetaShift,58,,configs/sweep_metashift_purity1.0_seed0/1335.yaml,shower(mirror),shower(toilet),0.5,0.5,0.5,0.9406400481859843,56.43840289115906
CCDiff-MetaShift,5,,configs/sweep_metashift_purity1.0_seed0/1336.yaml,shower(mirror),shower(faucet),0.5,0.5,0.5,0.06941556135813395,4.164933681488037
CCDiff-MetaShift,5,,configs/sweep_metashift_purity1.0_seed0/1337.yaml,shower(mirror),shower(towel),0.5,1.0,1.0,0.06121201912562053,3.672721147537231
CCDiff-MetaShift,5,,configs/sweep_metashift_purity1.0_seed0/1338.yaml,shower(faucet),shower(toilet),0.5,0.5,0.5,0.06332850853602091,3.799710512161255
CCDiff-MetaShift,64,,configs/sweep_metashift_purity1.0_seed0/1339.yaml,store(woman),store(man),0.0,0.0,0.0,1.0313180565834046,61.87908339500427
CCDiff-MetaShift,62,,configs/sweep_metashift_purity1.0_seed0/1340.yaml,walkway(man),walkway(person),0.5,0.5,0.5,1.011532040437063,60.691922426223755
CCDiff-MetaShift,16,,configs/sweep_metashift_purity1.0_seed0/1341.yaml,walkway(man),walkway(people),0.0,1.0,1.0,0.2552443186442057,15.314659118652344
CCDiff-MetaShift,38,,configs/sweep_metashift_purity1.0_seed0/1342.yaml,walkway(person),walkway(people),1.0,1.0,1.0,0.6102321982383728,36.61393189430237
CCDiff-MetaShift,64,,configs/sweep_metashift_purity1.0_seed0/1343.yaml,american flag(man),american flag(pole),0.0,0.5,0.5,1.031489904721578,61.88939428329468
CCDiff-MetaShift,50,,configs/sweep_metashift_purity1.0_seed0/1344.yaml,american flag(building),american flag(man),0.0,0.0,0.0,0.821353304386139,49.281198263168335
CCDiff-MetaShift,5,,configs/sweep_metashift_purity1.0_seed0/1345.yaml,american flag(building),american flag(pole),0.0,0.0,0.0,0.058211143811543783,3.492668628692627
CCDiff-MetaShift,63,,configs/sweep_metashift_purity1.0_seed0/1346.yaml,mug(table),mug(plate),0.0,0.0,0.0,1.0184000889460243,61.104005336761475
CCDiff-MetaShift,63,,configs/sweep_metashift_purity1.0_seed0/1347.yaml,drink(table),drink(glass),0.0,0.5,0.5,1.024522586663564,61.47135519981384
CCDiff-MetaShift,17,,configs/sweep_metashift_purity1.0_seed0/1348.yaml,drink(table),drink(man),0.5,0.5,0.5,0.2712687691052755,16.27612614631653
CCDiff-MetaShift,40,,configs/sweep_metashift_purity1.0_seed0/1349.yaml,drink(glass),drink(man),0.0,0.0,0.0,0.6505324800809225,39.03194880485535
CCDiff-MetaShift,65,,configs/sweep_metashift_purity1.0_seed0/1350.yaml,jar(table),jar(counter),0.0,0.0,0.0,1.0651571869850158,63.90943121910095
CCDiff-MetaShift,49,,configs/sweep_metashift_purity1.0_seed0/1351.yaml,jar(counter),jar(bottle),0.0,0.0,0.0,0.8066723783810933,48.4003427028656
CCDiff-MetaShift,5,,configs/sweep_metashift_purity1.0_seed0/1352.yaml,jar(table),jar(bottle),0.0,0.0,0.0,0.06126935482025146,3.676161289215088
CCDiff-MetaShift,62,,configs/sweep_metashift_purity1.0_seed0/1353.yaml,sheets(bed),sheets(pillow),0.5,0.5,0.5,1.0178099910418192,61.068599462509155
CCDiff-MetaShift,63,,configs/sweep_metashift_purity1.0_seed0/1354.yaml,fries(table),fries(plate),0.0,0.5,0.5,1.0318283518155416,61.909701108932495
CCDiff-MetaShift,64,,configs/sweep_metashift_purity1.0_seed0/1355.yaml,bedroom(lamp),bedroom(bed),0.0,0.0,0.0,1.032208796342214,61.93252778053284
CCDiff-MetaShift,64,,configs/sweep_metashift_purity1.0_seed0/1356.yaml,luggage(ground),luggage(woman),0.5,0.5,0.5,1.0414880712827046,62.48928427696228
CCDiff-MetaShift,53,,configs/sweep_metashift_purity1.0_seed0/1357.yaml,luggage(bag),luggage(woman),0.5,0.5,0.5,0.8478263894716899,50.86958336830139
CCDiff-MetaShift,6,,configs/sweep_metashift_purity1.0_seed0/1358.yaml,luggage(bag),luggage(ground),0.5,0.5,0.5,0.060601051648457846,3.6360630989074703
CCDiff-MetaShift,18,,configs/sweep_metashift_purity1.0_seed0/1359.yaml,luggage(ground),luggage(man),0.5,1.0,1.0,0.27536669572194417,16.52200174331665
CCDiff-MetaShift,6,,configs/sweep_metashift_purity1.0_seed0/1360.yaml,luggage(bag),luggage(man),0.5,0.5,0.5,0.059459956487019856,3.5675973892211914
CCDiff-MetaShift,63,,configs/sweep_metashift_purity1.0_seed0/1361.yaml,toilet paper(wall),toilet paper(toilet),0.0,0.5,0.5,1.0255009492238365,61.530056953430176
CCDiff-MetaShift,18,,configs/sweep_metashift_purity1.0_seed0/1362.yaml,toilet paper(wall),toilet paper(mirror),0.0,0.5,0.5,0.2704074541727702,16.22444725036621
CCDiff-MetaShift,37,,configs/sweep_metashift_purity1.0_seed0/1363.yaml,toilet paper(toilet),toilet paper(mirror),0.5,1.0,1.0,0.589055339495341,35.34332036972046
CCDiff-MetaShift,18,,configs/sweep_metashift_purity1.0_seed0/1364.yaml,toilet paper(wall),toilet paper(faucet),0.0,0.0,0.0,0.2867392818133036,17.204356908798218
CCDiff-MetaShift,36,,configs/sweep_metashift_purity1.0_seed0/1365.yaml,toilet paper(mirror),toilet paper(faucet),0.0,0.5,0.5,0.571693754196167,34.30162525177002
CCDiff-MetaShift,63,,configs/sweep_metashift_purity1.0_seed0/1366.yaml,dishwasher(counter),dishwasher(cabinet),0.5,0.5,0.5,1.0230723063151042,61.38433837890625
CCDiff-MetaShift,65,,configs/sweep_metashift_purity1.0_seed0/1367.yaml,stroller(woman),stroller(man),0.0,0.0,0.0,1.0650548418362935,63.90329051017761
CCDiff-MetaShift,65,,configs/sweep_metashift_purity1.0_seed0/1368.yaml,crumbs(table),crumbs(plate),0.0,0.0,0.0,1.0735854387283326,64.41512632369995
CCDiff-MetaShift,63,,configs/sweep_metashift_purity1.0_seed0/1369.yaml,birds(water),birds(sky),1.0,1.0,1.0,1.0370196978251138,62.22118186950683
CCDiff-MetaShift,64,,configs/sweep_metashift_purity1.0_seed0/1370.yaml,bedspread(bed),bedspread(pillow),0.5,0.5,0.5,1.035749646027883,62.144978761672974
CCDiff-MetaShift,61,,configs/sweep_metashift_purity1.0_seed0/1371.yaml,pine tree(man),pine tree(snow),0.0,0.0,0.0,0.978575086593628,58.71450519561768
CCDiff-MetaShift,62,,configs/sweep_metashift_purity1.0_seed0/1372.yaml,comforter(bed),comforter(lamp),0.5,1.0,1.0,1.022142728169759,61.32856369018555
CCDiff-MetaShift,50,,configs/sweep_metashift_purity1.0_seed0/1373.yaml,comforter(pillow),comforter(bed),0.5,0.5,0.5,0.8154639800389608,48.92783880233765
CCDiff-MetaShift,5,,configs/sweep_metashift_purity1.0_seed0/1374.yaml,comforter(pillow),comforter(lamp),0.5,0.5,0.5,0.056609821319580075,3.3965892791748047
CCDiff-MetaShift,64,,configs/sweep_metashift_purity1.0_seed0/1375.yaml,fireplace(chair),fireplace(television),0.0,0.5,0.5,1.0341278672218324,62.04767203330994
CCDiff-MetaShift,64,,configs/sweep_metashift_purity1.0_seed0/1376.yaml,skateboarder(skateboard),skateboarder(shirt),0.5,1.0,1.0,1.056153666973114,63.36922001838684
CCDiff-MetaShift,61,,configs/sweep_metashift_purity1.0_seed0/1377.yaml,restaurant(table),restaurant(man),0.5,0.5,0.5,1.0089441140492756,60.53664684295654
CCDiff-MetaShift,60,,configs/sweep_metashift_purity1.0_seed0/1378.yaml,placemat(table),placemat(plate),0.5,0.5,0.5,0.98528972864151,59.1173837184906
